/*
Navicat MySQL Data Transfer

Source Server         : MySQL
Source Server Version : 50714
Source Host           : localhost:3306
Source Database       : cidb

Target Server Type    : MYSQL
Target Server Version : 50714
File Encoding         : 65001

Date: 2017-05-24 16:19:19
*/

SET FOREIGN_KEY_CHECKS=0;

-- ----------------------------
-- Table structure for auth_users
-- ----------------------------
DROP TABLE IF EXISTS `auth_users`;
CREATE TABLE `auth_users` (
  `ause_id` smallint(6) NOT NULL AUTO_INCREMENT,
  `ause_key` varchar(32) NOT NULL,
  `ause_group` smallint(6) DEFAULT NULL,
  `ause_name` varchar(100) NOT NULL,
  `ause_username` varchar(50) NOT NULL,
  `ause_email` varchar(50) NOT NULL,
  `ause_secretkey` varchar(52) NOT NULL,
  `ause_salt` varchar(32) NOT NULL,
  `ause_password` varchar(32) NOT NULL,
  `ause_position` smallint(6) NOT NULL,
  `ause_status` varchar(10) DEFAULT 'false',
  `ause_insert` datetime NOT NULL,
  `ause_update` datetime DEFAULT NULL,
  `ause_delete` datetime DEFAULT NULL,
  `ause_picture` varchar(120) DEFAULT NULL,
  `ause_authority` varchar(20) DEFAULT NULL,
  `ause_lastlogin` datetime DEFAULT NULL,
  PRIMARY KEY (`ause_id`)
) ENGINE=MyISAM AUTO_INCREMENT=10025 DEFAULT CHARSET=utf8;

-- ----------------------------
-- Records of auth_users
-- ----------------------------
INSERT INTO `auth_users` VALUES ('10001', 'V9ZXr6Uw', '10002', 'Trường Khương', 'khuongxuantruong@gmail.com', 'khuongxuantruong@gmail.com', '7PtY3oAdRdK6P7YncnroQ2KLnLoPjrnW', 'FA04iw9qhWlT', '27d168e16f3cafbdd8c5f0c1be19608e', '1', 'true', '2013-04-02 16:43:42', '2014-12-12 09:58:06', null, 'https://lh5.googleusercontent.com/-WAMgTlfd5og/AAAAAAAAAAI/AAAAAAAAAP0/b0LCEJbexS4/photo.jpg', 'Administrator', '2013-04-08 10:01:04');
INSERT INTO `auth_users` VALUES ('10018', 'QOEb1vsc', null, 'Admin', 'admin', 'Admin@gmail.com', 'qBKh4pA07aiU4WNbLCHLjhzpaFnjWXYP', '7PrSkIXh', '0903ce30d609ba18172fc0605c2848c2', '2', 'true', '2014-12-11 23:01:35', '2014-12-12 05:07:50', null, null, 'Admin', null);
INSERT INTO `auth_users` VALUES ('10020', 'h8ovaLKc', null, 'View', 'View', 'View@gmail.com', 'PMvaAlFujxu8GZvKzLPIjQOaCu4Eba5y', 'g5AVZC8K', '477b560f0f16773d3348ae9711052ba9', '2', 'false', '2014-12-12 08:31:32', '2015-07-04 22:09:45', null, null, 'View', null);

-- ----------------------------
-- Table structure for ci_sessions
-- ----------------------------
DROP TABLE IF EXISTS `ci_sessions`;
CREATE TABLE `ci_sessions` (
  `id` varchar(40) NOT NULL,
  `ip_address` varchar(45) NOT NULL,
  `timestamp` int(10) unsigned NOT NULL DEFAULT '0',
  `data` blob NOT NULL,
  PRIMARY KEY (`id`),
  KEY `ci_sessions_timestamp` (`timestamp`)
) ENGINE=InnoDB DEFAULT CHARSET=utf8;

-- ----------------------------
-- Records of ci_sessions
-- ----------------------------
INSERT INTO `ci_sessions` VALUES ('4i74m2qc1tleuio7lnc4nc2lomsk5gat', '::1', '1495610921', 0x5F5F63695F6C6173745F726567656E65726174657C693A313439353631303932313B6E6C6F67696E7C693A303B4B4346494E4445527C613A343A7B733A383A2264697361626C6564223B623A303B733A393A2275706C6F616455524C223B733A353A222F64617461223B733A393A2275706C6F6164446972223B733A34363A22453A5C77616D7036345C7777775C436F646549676E697465722D332E312E345C73797374656D5C2E2E2F64617461223B733A363A22616363657373223B613A323A7B733A353A2266696C6573223B613A363A7B733A363A2275706C6F6164223B623A313B733A363A2264656C657465223B623A313B733A343A22636F7079223B623A313B733A343A226D6F7665223B623A313B733A363A2272656E616D65223B623A313B733A343A2265646974223B623A313B7D733A343A2264697273223B613A333A7B733A363A22637265617465223B623A313B733A363A2264656C657465223B623A313B733A363A2272656E616D65223B623A313B7D7D7D64617362626F6172645F757365727C4F3A383A22737464436C617373223A31343A7B733A373A22617573655F6964223B733A353A223130303031223B733A383A22617573655F6B6579223B733A383A2256395A5872365577223B733A31303A22617573655F67726F7570223B733A353A223130303032223B733A393A22617573655F6E616D65223B733A31383A225472C6B0E1BB9D6E67204B68C6B0C6A16E67223B733A31333A22617573655F757365726E616D65223B733A32363A226B68756F6E677875616E7472756F6E6740676D61696C2E636F6D223B733A31303A22617573655F656D61696C223B733A32363A226B68756F6E677875616E7472756F6E6740676D61696C2E636F6D223B733A31333A22617573655F706F736974696F6E223B733A313A2231223B733A31313A22617573655F737461747573223B733A343A2274727565223B733A31313A22617573655F696E73657274223B733A31393A22323031332D30342D30322031363A34333A3432223B733A31313A22617573655F757064617465223B733A31393A22323031342D31322D31322030393A35383A3036223B733A31313A22617573655F64656C657465223B4E3B733A31323A22617573655F70696374757265223B733A39323A2268747470733A2F2F6C68352E676F6F676C6575736572636F6E74656E742E636F6D2F2D57414D67546C6664356F672F41414141414141414141492F41414141414141414150302F62304C43454A62657853342F70686F746F2E6A7067223B733A31343A22617573655F617574686F72697479223B733A31333A2241646D696E6973747261746F72223B733A31343A22617573655F6C6173746C6F67696E223B733A31393A22323031332D30342D30382031303A30313A3034223B7D);
INSERT INTO `ci_sessions` VALUES ('8birl9kn859lu9h1qi51ovg44ac1mafu', '::1', '1495617472', 0x5F5F63695F6C6173745F726567656E65726174657C693A313439353631373237353B6E6C6F67696E7C693A303B4B4346494E4445527C613A343A7B733A383A2264697361626C6564223B623A303B733A393A2275706C6F616455524C223B733A353A222F64617461223B733A393A2275706C6F6164446972223B733A34363A22453A5C77616D7036345C7777775C436F646549676E697465722D332E312E345C73797374656D5C2E2E2F64617461223B733A363A22616363657373223B613A323A7B733A353A2266696C6573223B613A363A7B733A363A2275706C6F6164223B623A313B733A363A2264656C657465223B623A313B733A343A22636F7079223B623A313B733A343A226D6F7665223B623A313B733A363A2272656E616D65223B623A313B733A343A2265646974223B623A313B7D733A343A2264697273223B613A333A7B733A363A22637265617465223B623A313B733A363A2264656C657465223B623A313B733A363A2272656E616D65223B623A313B7D7D7D64617362626F6172645F757365727C4F3A383A22737464436C617373223A31343A7B733A373A22617573655F6964223B733A353A223130303031223B733A383A22617573655F6B6579223B733A383A2256395A5872365577223B733A31303A22617573655F67726F7570223B733A353A223130303032223B733A393A22617573655F6E616D65223B733A31383A225472C6B0E1BB9D6E67204B68C6B0C6A16E67223B733A31333A22617573655F757365726E616D65223B733A32363A226B68756F6E677875616E7472756F6E6740676D61696C2E636F6D223B733A31303A22617573655F656D61696C223B733A32363A226B68756F6E677875616E7472756F6E6740676D61696C2E636F6D223B733A31333A22617573655F706F736974696F6E223B733A313A2231223B733A31313A22617573655F737461747573223B733A343A2274727565223B733A31313A22617573655F696E73657274223B733A31393A22323031332D30342D30322031363A34333A3432223B733A31313A22617573655F757064617465223B733A31393A22323031342D31322D31322030393A35383A3036223B733A31313A22617573655F64656C657465223B4E3B733A31323A22617573655F70696374757265223B733A39323A2268747470733A2F2F6C68352E676F6F676C6575736572636F6E74656E742E636F6D2F2D57414D67546C6664356F672F41414141414141414141492F41414141414141414150302F62304C43454A62657853342F70686F746F2E6A7067223B733A31343A22617573655F617574686F72697479223B733A31333A2241646D696E6973747261746F72223B733A31343A22617573655F6C6173746C6F67696E223B733A31393A22323031332D30342D30382031303A30313A3034223B7D);
INSERT INTO `ci_sessions` VALUES ('9m4ic215s26mc2i6hlhoo317tp8lbgl4', '::1', '1495610123', 0x5F5F63695F6C6173745F726567656E65726174657C693A313439353631303132333B6E6C6F67696E7C693A303B4B4346494E4445527C613A343A7B733A383A2264697361626C6564223B623A303B733A393A2275706C6F616455524C223B733A353A222F64617461223B733A393A2275706C6F6164446972223B733A34363A22453A5C77616D7036345C7777775C436F646549676E697465722D332E312E345C73797374656D5C2E2E2F64617461223B733A363A22616363657373223B613A323A7B733A353A2266696C6573223B613A363A7B733A363A2275706C6F6164223B623A313B733A363A2264656C657465223B623A313B733A343A22636F7079223B623A313B733A343A226D6F7665223B623A313B733A363A2272656E616D65223B623A313B733A343A2265646974223B623A313B7D733A343A2264697273223B613A333A7B733A363A22637265617465223B623A313B733A363A2264656C657465223B623A313B733A363A2272656E616D65223B623A313B7D7D7D64617362626F6172645F757365727C4F3A383A22737464436C617373223A31343A7B733A373A22617573655F6964223B733A353A223130303031223B733A383A22617573655F6B6579223B733A383A2256395A5872365577223B733A31303A22617573655F67726F7570223B733A353A223130303032223B733A393A22617573655F6E616D65223B733A31383A225472C6B0E1BB9D6E67204B68C6B0C6A16E67223B733A31333A22617573655F757365726E616D65223B733A32363A226B68756F6E677875616E7472756F6E6740676D61696C2E636F6D223B733A31303A22617573655F656D61696C223B733A32363A226B68756F6E677875616E7472756F6E6740676D61696C2E636F6D223B733A31333A22617573655F706F736974696F6E223B733A313A2231223B733A31313A22617573655F737461747573223B733A343A2274727565223B733A31313A22617573655F696E73657274223B733A31393A22323031332D30342D30322031363A34333A3432223B733A31313A22617573655F757064617465223B733A31393A22323031342D31322D31322030393A35383A3036223B733A31313A22617573655F64656C657465223B4E3B733A31323A22617573655F70696374757265223B733A39323A2268747470733A2F2F6C68352E676F6F676C6575736572636F6E74656E742E636F6D2F2D57414D67546C6664356F672F41414141414141414141492F41414141414141414150302F62304C43454A62657853342F70686F746F2E6A7067223B733A31343A22617573655F617574686F72697479223B733A31333A2241646D696E6973747261746F72223B733A31343A22617573655F6C6173746C6F67696E223B733A31393A22323031332D30342D30382031303A30313A3034223B7D);
INSERT INTO `ci_sessions` VALUES ('9s07mdurvvc9ef0faud46encts4kokqd', '::1', '1495607691', 0x5F5F63695F6C6173745F726567656E65726174657C693A313439353630373639313B6E6C6F67696E7C693A303B4B4346494E4445527C613A343A7B733A383A2264697361626C6564223B623A303B733A393A2275706C6F616455524C223B733A353A222F64617461223B733A393A2275706C6F6164446972223B733A34363A22453A5C77616D7036345C7777775C436F646549676E697465722D332E312E345C73797374656D5C2E2E2F64617461223B733A363A22616363657373223B613A323A7B733A353A2266696C6573223B613A363A7B733A363A2275706C6F6164223B623A313B733A363A2264656C657465223B623A313B733A343A22636F7079223B623A313B733A343A226D6F7665223B623A313B733A363A2272656E616D65223B623A313B733A343A2265646974223B623A313B7D733A343A2264697273223B613A333A7B733A363A22637265617465223B623A313B733A363A2264656C657465223B623A313B733A363A2272656E616D65223B623A313B7D7D7D64617362626F6172645F757365727C4F3A383A22737464436C617373223A31343A7B733A373A22617573655F6964223B733A353A223130303031223B733A383A22617573655F6B6579223B733A383A2256395A5872365577223B733A31303A22617573655F67726F7570223B733A353A223130303032223B733A393A22617573655F6E616D65223B733A31383A225472C6B0E1BB9D6E67204B68C6B0C6A16E67223B733A31333A22617573655F757365726E616D65223B733A32363A226B68756F6E677875616E7472756F6E6740676D61696C2E636F6D223B733A31303A22617573655F656D61696C223B733A32363A226B68756F6E677875616E7472756F6E6740676D61696C2E636F6D223B733A31333A22617573655F706F736974696F6E223B733A313A2231223B733A31313A22617573655F737461747573223B733A343A2274727565223B733A31313A22617573655F696E73657274223B733A31393A22323031332D30342D30322031363A34333A3432223B733A31313A22617573655F757064617465223B733A31393A22323031342D31322D31322030393A35383A3036223B733A31313A22617573655F64656C657465223B4E3B733A31323A22617573655F70696374757265223B733A39323A2268747470733A2F2F6C68352E676F6F676C6575736572636F6E74656E742E636F6D2F2D57414D67546C6664356F672F41414141414141414141492F41414141414141414150302F62304C43454A62657853342F70686F746F2E6A7067223B733A31343A22617573655F617574686F72697479223B733A31333A2241646D696E6973747261746F72223B733A31343A22617573655F6C6173746C6F67696E223B733A31393A22323031332D30342D30382031303A30313A3034223B7D);
INSERT INTO `ci_sessions` VALUES ('a0hrgn8nit263bpumevv5nskol3blj9p', '::1', '1495609474', 0x5F5F63695F6C6173745F726567656E65726174657C693A313439353630393437343B6E6C6F67696E7C693A303B4B4346494E4445527C613A343A7B733A383A2264697361626C6564223B623A303B733A393A2275706C6F616455524C223B733A353A222F64617461223B733A393A2275706C6F6164446972223B733A34363A22453A5C77616D7036345C7777775C436F646549676E697465722D332E312E345C73797374656D5C2E2E2F64617461223B733A363A22616363657373223B613A323A7B733A353A2266696C6573223B613A363A7B733A363A2275706C6F6164223B623A313B733A363A2264656C657465223B623A313B733A343A22636F7079223B623A313B733A343A226D6F7665223B623A313B733A363A2272656E616D65223B623A313B733A343A2265646974223B623A313B7D733A343A2264697273223B613A333A7B733A363A22637265617465223B623A313B733A363A2264656C657465223B623A313B733A363A2272656E616D65223B623A313B7D7D7D64617362626F6172645F757365727C4F3A383A22737464436C617373223A31343A7B733A373A22617573655F6964223B733A353A223130303031223B733A383A22617573655F6B6579223B733A383A2256395A5872365577223B733A31303A22617573655F67726F7570223B733A353A223130303032223B733A393A22617573655F6E616D65223B733A31383A225472C6B0E1BB9D6E67204B68C6B0C6A16E67223B733A31333A22617573655F757365726E616D65223B733A32363A226B68756F6E677875616E7472756F6E6740676D61696C2E636F6D223B733A31303A22617573655F656D61696C223B733A32363A226B68756F6E677875616E7472756F6E6740676D61696C2E636F6D223B733A31333A22617573655F706F736974696F6E223B733A313A2231223B733A31313A22617573655F737461747573223B733A343A2274727565223B733A31313A22617573655F696E73657274223B733A31393A22323031332D30342D30322031363A34333A3432223B733A31313A22617573655F757064617465223B733A31393A22323031342D31322D31322030393A35383A3036223B733A31313A22617573655F64656C657465223B4E3B733A31323A22617573655F70696374757265223B733A39323A2268747470733A2F2F6C68352E676F6F676C6575736572636F6E74656E742E636F6D2F2D57414D67546C6664356F672F41414141414141414141492F41414141414141414150302F62304C43454A62657853342F70686F746F2E6A7067223B733A31343A22617573655F617574686F72697479223B733A31333A2241646D696E6973747261746F72223B733A31343A22617573655F6C6173746C6F67696E223B733A31393A22323031332D30342D30382031303A30313A3034223B7D);
INSERT INTO `ci_sessions` VALUES ('hhplgdiorp07dtdn4dc76f097d0i4fd2', '::1', '1495617275', 0x5F5F63695F6C6173745F726567656E65726174657C693A313439353631373237353B6E6C6F67696E7C693A303B4B4346494E4445527C613A343A7B733A383A2264697361626C6564223B623A303B733A393A2275706C6F616455524C223B733A353A222F64617461223B733A393A2275706C6F6164446972223B733A34363A22453A5C77616D7036345C7777775C436F646549676E697465722D332E312E345C73797374656D5C2E2E2F64617461223B733A363A22616363657373223B613A323A7B733A353A2266696C6573223B613A363A7B733A363A2275706C6F6164223B623A313B733A363A2264656C657465223B623A313B733A343A22636F7079223B623A313B733A343A226D6F7665223B623A313B733A363A2272656E616D65223B623A313B733A343A2265646974223B623A313B7D733A343A2264697273223B613A333A7B733A363A22637265617465223B623A313B733A363A2264656C657465223B623A313B733A363A2272656E616D65223B623A313B7D7D7D64617362626F6172645F757365727C4F3A383A22737464436C617373223A31343A7B733A373A22617573655F6964223B733A353A223130303031223B733A383A22617573655F6B6579223B733A383A2256395A5872365577223B733A31303A22617573655F67726F7570223B733A353A223130303032223B733A393A22617573655F6E616D65223B733A31383A225472C6B0E1BB9D6E67204B68C6B0C6A16E67223B733A31333A22617573655F757365726E616D65223B733A32363A226B68756F6E677875616E7472756F6E6740676D61696C2E636F6D223B733A31303A22617573655F656D61696C223B733A32363A226B68756F6E677875616E7472756F6E6740676D61696C2E636F6D223B733A31333A22617573655F706F736974696F6E223B733A313A2231223B733A31313A22617573655F737461747573223B733A343A2274727565223B733A31313A22617573655F696E73657274223B733A31393A22323031332D30342D30322031363A34333A3432223B733A31313A22617573655F757064617465223B733A31393A22323031342D31322D31322030393A35383A3036223B733A31313A22617573655F64656C657465223B4E3B733A31323A22617573655F70696374757265223B733A39323A2268747470733A2F2F6C68352E676F6F676C6575736572636F6E74656E742E636F6D2F2D57414D67546C6664356F672F41414141414141414141492F41414141414141414150302F62304C43454A62657853342F70686F746F2E6A7067223B733A31343A22617573655F617574686F72697479223B733A31333A2241646D696E6973747261746F72223B733A31343A22617573655F6C6173746C6F67696E223B733A31393A22323031332D30342D30382031303A30313A3034223B7D);
INSERT INTO `ci_sessions` VALUES ('hkr8h7gmmpj9lgst9j977dptf63o1hah', '::1', '1495608770', 0x5F5F63695F6C6173745F726567656E65726174657C693A313439353630383737303B6E6C6F67696E7C693A303B4B4346494E4445527C613A343A7B733A383A2264697361626C6564223B623A303B733A393A2275706C6F616455524C223B733A353A222F64617461223B733A393A2275706C6F6164446972223B733A34363A22453A5C77616D7036345C7777775C436F646549676E697465722D332E312E345C73797374656D5C2E2E2F64617461223B733A363A22616363657373223B613A323A7B733A353A2266696C6573223B613A363A7B733A363A2275706C6F6164223B623A313B733A363A2264656C657465223B623A313B733A343A22636F7079223B623A313B733A343A226D6F7665223B623A313B733A363A2272656E616D65223B623A313B733A343A2265646974223B623A313B7D733A343A2264697273223B613A333A7B733A363A22637265617465223B623A313B733A363A2264656C657465223B623A313B733A363A2272656E616D65223B623A313B7D7D7D64617362626F6172645F757365727C4F3A383A22737464436C617373223A31343A7B733A373A22617573655F6964223B733A353A223130303031223B733A383A22617573655F6B6579223B733A383A2256395A5872365577223B733A31303A22617573655F67726F7570223B733A353A223130303032223B733A393A22617573655F6E616D65223B733A31383A225472C6B0E1BB9D6E67204B68C6B0C6A16E67223B733A31333A22617573655F757365726E616D65223B733A32363A226B68756F6E677875616E7472756F6E6740676D61696C2E636F6D223B733A31303A22617573655F656D61696C223B733A32363A226B68756F6E677875616E7472756F6E6740676D61696C2E636F6D223B733A31333A22617573655F706F736974696F6E223B733A313A2231223B733A31313A22617573655F737461747573223B733A343A2274727565223B733A31313A22617573655F696E73657274223B733A31393A22323031332D30342D30322031363A34333A3432223B733A31313A22617573655F757064617465223B733A31393A22323031342D31322D31322030393A35383A3036223B733A31313A22617573655F64656C657465223B4E3B733A31323A22617573655F70696374757265223B733A39323A2268747470733A2F2F6C68352E676F6F676C6575736572636F6E74656E742E636F6D2F2D57414D67546C6664356F672F41414141414141414141492F41414141414141414150302F62304C43454A62657853342F70686F746F2E6A7067223B733A31343A22617573655F617574686F72697479223B733A31333A2241646D696E6973747261746F72223B733A31343A22617573655F6C6173746C6F67696E223B733A31393A22323031332D30342D30382031303A30313A3034223B7D);
INSERT INTO `ci_sessions` VALUES ('i7k5abr01uihg25ka8j53ucm31ua8613', '::1', '1495609156', 0x5F5F63695F6C6173745F726567656E65726174657C693A313439353630393135363B6E6C6F67696E7C693A303B4B4346494E4445527C613A343A7B733A383A2264697361626C6564223B623A303B733A393A2275706C6F616455524C223B733A353A222F64617461223B733A393A2275706C6F6164446972223B733A34363A22453A5C77616D7036345C7777775C436F646549676E697465722D332E312E345C73797374656D5C2E2E2F64617461223B733A363A22616363657373223B613A323A7B733A353A2266696C6573223B613A363A7B733A363A2275706C6F6164223B623A313B733A363A2264656C657465223B623A313B733A343A22636F7079223B623A313B733A343A226D6F7665223B623A313B733A363A2272656E616D65223B623A313B733A343A2265646974223B623A313B7D733A343A2264697273223B613A333A7B733A363A22637265617465223B623A313B733A363A2264656C657465223B623A313B733A363A2272656E616D65223B623A313B7D7D7D64617362626F6172645F757365727C4F3A383A22737464436C617373223A31343A7B733A373A22617573655F6964223B733A353A223130303031223B733A383A22617573655F6B6579223B733A383A2256395A5872365577223B733A31303A22617573655F67726F7570223B733A353A223130303032223B733A393A22617573655F6E616D65223B733A31383A225472C6B0E1BB9D6E67204B68C6B0C6A16E67223B733A31333A22617573655F757365726E616D65223B733A32363A226B68756F6E677875616E7472756F6E6740676D61696C2E636F6D223B733A31303A22617573655F656D61696C223B733A32363A226B68756F6E677875616E7472756F6E6740676D61696C2E636F6D223B733A31333A22617573655F706F736974696F6E223B733A313A2231223B733A31313A22617573655F737461747573223B733A343A2274727565223B733A31313A22617573655F696E73657274223B733A31393A22323031332D30342D30322031363A34333A3432223B733A31313A22617573655F757064617465223B733A31393A22323031342D31322D31322030393A35383A3036223B733A31313A22617573655F64656C657465223B4E3B733A31323A22617573655F70696374757265223B733A39323A2268747470733A2F2F6C68352E676F6F676C6575736572636F6E74656E742E636F6D2F2D57414D67546C6664356F672F41414141414141414141492F41414141414141414150302F62304C43454A62657853342F70686F746F2E6A7067223B733A31343A22617573655F617574686F72697479223B733A31333A2241646D696E6973747261746F72223B733A31343A22617573655F6C6173746C6F67696E223B733A31393A22323031332D30342D30382031303A30313A3034223B7D);
INSERT INTO `ci_sessions` VALUES ('jqmood1ljf27udda2pr1ovnk5fqf7577', '::1', '1495609803', 0x5F5F63695F6C6173745F726567656E65726174657C693A313439353630393830333B6E6C6F67696E7C693A303B4B4346494E4445527C613A343A7B733A383A2264697361626C6564223B623A303B733A393A2275706C6F616455524C223B733A353A222F64617461223B733A393A2275706C6F6164446972223B733A34363A22453A5C77616D7036345C7777775C436F646549676E697465722D332E312E345C73797374656D5C2E2E2F64617461223B733A363A22616363657373223B613A323A7B733A353A2266696C6573223B613A363A7B733A363A2275706C6F6164223B623A313B733A363A2264656C657465223B623A313B733A343A22636F7079223B623A313B733A343A226D6F7665223B623A313B733A363A2272656E616D65223B623A313B733A343A2265646974223B623A313B7D733A343A2264697273223B613A333A7B733A363A22637265617465223B623A313B733A363A2264656C657465223B623A313B733A363A2272656E616D65223B623A313B7D7D7D64617362626F6172645F757365727C4F3A383A22737464436C617373223A31343A7B733A373A22617573655F6964223B733A353A223130303031223B733A383A22617573655F6B6579223B733A383A2256395A5872365577223B733A31303A22617573655F67726F7570223B733A353A223130303032223B733A393A22617573655F6E616D65223B733A31383A225472C6B0E1BB9D6E67204B68C6B0C6A16E67223B733A31333A22617573655F757365726E616D65223B733A32363A226B68756F6E677875616E7472756F6E6740676D61696C2E636F6D223B733A31303A22617573655F656D61696C223B733A32363A226B68756F6E677875616E7472756F6E6740676D61696C2E636F6D223B733A31333A22617573655F706F736974696F6E223B733A313A2231223B733A31313A22617573655F737461747573223B733A343A2274727565223B733A31313A22617573655F696E73657274223B733A31393A22323031332D30342D30322031363A34333A3432223B733A31313A22617573655F757064617465223B733A31393A22323031342D31322D31322030393A35383A3036223B733A31313A22617573655F64656C657465223B4E3B733A31323A22617573655F70696374757265223B733A39323A2268747470733A2F2F6C68352E676F6F676C6575736572636F6E74656E742E636F6D2F2D57414D67546C6664356F672F41414141414141414141492F41414141414141414150302F62304C43454A62657853342F70686F746F2E6A7067223B733A31343A22617573655F617574686F72697479223B733A31333A2241646D696E6973747261746F72223B733A31343A22617573655F6C6173746C6F67696E223B733A31393A22323031332D30342D30382031303A30313A3034223B7D);
INSERT INTO `ci_sessions` VALUES ('k80aifo4g8thn01usekkriqb9qcek9pc', '::1', '1495611560', 0x5F5F63695F6C6173745F726567656E65726174657C693A313439353631313536303B6E6C6F67696E7C693A303B4B4346494E4445527C613A343A7B733A383A2264697361626C6564223B623A303B733A393A2275706C6F616455524C223B733A353A222F64617461223B733A393A2275706C6F6164446972223B733A34363A22453A5C77616D7036345C7777775C436F646549676E697465722D332E312E345C73797374656D5C2E2E2F64617461223B733A363A22616363657373223B613A323A7B733A353A2266696C6573223B613A363A7B733A363A2275706C6F6164223B623A313B733A363A2264656C657465223B623A313B733A343A22636F7079223B623A313B733A343A226D6F7665223B623A313B733A363A2272656E616D65223B623A313B733A343A2265646974223B623A313B7D733A343A2264697273223B613A333A7B733A363A22637265617465223B623A313B733A363A2264656C657465223B623A313B733A363A2272656E616D65223B623A313B7D7D7D64617362626F6172645F757365727C4F3A383A22737464436C617373223A31343A7B733A373A22617573655F6964223B733A353A223130303031223B733A383A22617573655F6B6579223B733A383A2256395A5872365577223B733A31303A22617573655F67726F7570223B733A353A223130303032223B733A393A22617573655F6E616D65223B733A31383A225472C6B0E1BB9D6E67204B68C6B0C6A16E67223B733A31333A22617573655F757365726E616D65223B733A32363A226B68756F6E677875616E7472756F6E6740676D61696C2E636F6D223B733A31303A22617573655F656D61696C223B733A32363A226B68756F6E677875616E7472756F6E6740676D61696C2E636F6D223B733A31333A22617573655F706F736974696F6E223B733A313A2231223B733A31313A22617573655F737461747573223B733A343A2274727565223B733A31313A22617573655F696E73657274223B733A31393A22323031332D30342D30322031363A34333A3432223B733A31313A22617573655F757064617465223B733A31393A22323031342D31322D31322030393A35383A3036223B733A31313A22617573655F64656C657465223B4E3B733A31323A22617573655F70696374757265223B733A39323A2268747470733A2F2F6C68352E676F6F676C6575736572636F6E74656E742E636F6D2F2D57414D67546C6664356F672F41414141414141414141492F41414141414141414150302F62304C43454A62657853342F70686F746F2E6A7067223B733A31343A22617573655F617574686F72697479223B733A31333A2241646D696E6973747261746F72223B733A31343A22617573655F6C6173746C6F67696E223B733A31393A22323031332D30342D30382031303A30313A3034223B7D);
INSERT INTO `ci_sessions` VALUES ('kef63e6dps6iqkdk3hbf9hnrg62ji1d8', '::1', '1495608466', 0x5F5F63695F6C6173745F726567656E65726174657C693A313439353630383436363B6E6C6F67696E7C693A303B4B4346494E4445527C613A343A7B733A383A2264697361626C6564223B623A303B733A393A2275706C6F616455524C223B733A353A222F64617461223B733A393A2275706C6F6164446972223B733A34363A22453A5C77616D7036345C7777775C436F646549676E697465722D332E312E345C73797374656D5C2E2E2F64617461223B733A363A22616363657373223B613A323A7B733A353A2266696C6573223B613A363A7B733A363A2275706C6F6164223B623A313B733A363A2264656C657465223B623A313B733A343A22636F7079223B623A313B733A343A226D6F7665223B623A313B733A363A2272656E616D65223B623A313B733A343A2265646974223B623A313B7D733A343A2264697273223B613A333A7B733A363A22637265617465223B623A313B733A363A2264656C657465223B623A313B733A363A2272656E616D65223B623A313B7D7D7D64617362626F6172645F757365727C4F3A383A22737464436C617373223A31343A7B733A373A22617573655F6964223B733A353A223130303031223B733A383A22617573655F6B6579223B733A383A2256395A5872365577223B733A31303A22617573655F67726F7570223B733A353A223130303032223B733A393A22617573655F6E616D65223B733A31383A225472C6B0E1BB9D6E67204B68C6B0C6A16E67223B733A31333A22617573655F757365726E616D65223B733A32363A226B68756F6E677875616E7472756F6E6740676D61696C2E636F6D223B733A31303A22617573655F656D61696C223B733A32363A226B68756F6E677875616E7472756F6E6740676D61696C2E636F6D223B733A31333A22617573655F706F736974696F6E223B733A313A2231223B733A31313A22617573655F737461747573223B733A343A2274727565223B733A31313A22617573655F696E73657274223B733A31393A22323031332D30342D30322031363A34333A3432223B733A31313A22617573655F757064617465223B733A31393A22323031342D31322D31322030393A35383A3036223B733A31313A22617573655F64656C657465223B4E3B733A31323A22617573655F70696374757265223B733A39323A2268747470733A2F2F6C68352E676F6F676C6575736572636F6E74656E742E636F6D2F2D57414D67546C6664356F672F41414141414141414141492F41414141414141414150302F62304C43454A62657853342F70686F746F2E6A7067223B733A31343A22617573655F617574686F72697479223B733A31333A2241646D696E6973747261746F72223B733A31343A22617573655F6C6173746C6F67696E223B733A31393A22323031332D30342D30382031303A30313A3034223B7D);
INSERT INTO `ci_sessions` VALUES ('u0qd508gi7ir3pkotfd3kg45tip3vpdm', '::1', '1495613924', 0x5F5F63695F6C6173745F726567656E65726174657C693A313439353631333932343B6E6C6F67696E7C693A303B4B4346494E4445527C613A343A7B733A383A2264697361626C6564223B623A303B733A393A2275706C6F616455524C223B733A353A222F64617461223B733A393A2275706C6F6164446972223B733A34363A22453A5C77616D7036345C7777775C436F646549676E697465722D332E312E345C73797374656D5C2E2E2F64617461223B733A363A22616363657373223B613A323A7B733A353A2266696C6573223B613A363A7B733A363A2275706C6F6164223B623A313B733A363A2264656C657465223B623A313B733A343A22636F7079223B623A313B733A343A226D6F7665223B623A313B733A363A2272656E616D65223B623A313B733A343A2265646974223B623A313B7D733A343A2264697273223B613A333A7B733A363A22637265617465223B623A313B733A363A2264656C657465223B623A313B733A363A2272656E616D65223B623A313B7D7D7D64617362626F6172645F757365727C4F3A383A22737464436C617373223A31343A7B733A373A22617573655F6964223B733A353A223130303031223B733A383A22617573655F6B6579223B733A383A2256395A5872365577223B733A31303A22617573655F67726F7570223B733A353A223130303032223B733A393A22617573655F6E616D65223B733A31383A225472C6B0E1BB9D6E67204B68C6B0C6A16E67223B733A31333A22617573655F757365726E616D65223B733A32363A226B68756F6E677875616E7472756F6E6740676D61696C2E636F6D223B733A31303A22617573655F656D61696C223B733A32363A226B68756F6E677875616E7472756F6E6740676D61696C2E636F6D223B733A31333A22617573655F706F736974696F6E223B733A313A2231223B733A31313A22617573655F737461747573223B733A343A2274727565223B733A31313A22617573655F696E73657274223B733A31393A22323031332D30342D30322031363A34333A3432223B733A31313A22617573655F757064617465223B733A31393A22323031342D31322D31322030393A35383A3036223B733A31313A22617573655F64656C657465223B4E3B733A31323A22617573655F70696374757265223B733A39323A2268747470733A2F2F6C68352E676F6F676C6575736572636F6E74656E742E636F6D2F2D57414D67546C6664356F672F41414141414141414141492F41414141414141414150302F62304C43454A62657853342F70686F746F2E6A7067223B733A31343A22617573655F617574686F72697479223B733A31333A2241646D696E6973747261746F72223B733A31343A22617573655F6C6173746C6F67696E223B733A31393A22323031332D30342D30382031303A30313A3034223B7D);
INSERT INTO `ci_sessions` VALUES ('vsdm7uif7tqgv8reaeg3sas7vtp0te1e', '::1', '1495607993', 0x5F5F63695F6C6173745F726567656E65726174657C693A313439353630373939333B6E6C6F67696E7C693A303B4B4346494E4445527C613A343A7B733A383A2264697361626C6564223B623A303B733A393A2275706C6F616455524C223B733A353A222F64617461223B733A393A2275706C6F6164446972223B733A34363A22453A5C77616D7036345C7777775C436F646549676E697465722D332E312E345C73797374656D5C2E2E2F64617461223B733A363A22616363657373223B613A323A7B733A353A2266696C6573223B613A363A7B733A363A2275706C6F6164223B623A313B733A363A2264656C657465223B623A313B733A343A22636F7079223B623A313B733A343A226D6F7665223B623A313B733A363A2272656E616D65223B623A313B733A343A2265646974223B623A313B7D733A343A2264697273223B613A333A7B733A363A22637265617465223B623A313B733A363A2264656C657465223B623A313B733A363A2272656E616D65223B623A313B7D7D7D64617362626F6172645F757365727C4F3A383A22737464436C617373223A31343A7B733A373A22617573655F6964223B733A353A223130303031223B733A383A22617573655F6B6579223B733A383A2256395A5872365577223B733A31303A22617573655F67726F7570223B733A353A223130303032223B733A393A22617573655F6E616D65223B733A31383A225472C6B0E1BB9D6E67204B68C6B0C6A16E67223B733A31333A22617573655F757365726E616D65223B733A32363A226B68756F6E677875616E7472756F6E6740676D61696C2E636F6D223B733A31303A22617573655F656D61696C223B733A32363A226B68756F6E677875616E7472756F6E6740676D61696C2E636F6D223B733A31333A22617573655F706F736974696F6E223B733A313A2231223B733A31313A22617573655F737461747573223B733A343A2274727565223B733A31313A22617573655F696E73657274223B733A31393A22323031332D30342D30322031363A34333A3432223B733A31313A22617573655F757064617465223B733A31393A22323031342D31322D31322030393A35383A3036223B733A31313A22617573655F64656C657465223B4E3B733A31323A22617573655F70696374757265223B733A39323A2268747470733A2F2F6C68352E676F6F676C6575736572636F6E74656E742E636F6D2F2D57414D67546C6664356F672F41414141414141414141492F41414141414141414150302F62304C43454A62657853342F70686F746F2E6A7067223B733A31343A22617573655F617574686F72697479223B733A31333A2241646D696E6973747261746F72223B733A31343A22617573655F6C6173746C6F67696E223B733A31393A22323031332D30342D30382031303A30313A3034223B7D);

-- ----------------------------
-- Table structure for tbl_category
-- ----------------------------
DROP TABLE IF EXISTS `tbl_category`;
CREATE TABLE `tbl_category` (
  `id` int(11) NOT NULL AUTO_INCREMENT,
  `title` varchar(255) DEFAULT NULL,
  `alias` varchar(255) DEFAULT NULL,
  `data` longtext,
  `created` datetime DEFAULT NULL,
  `modified` datetime DEFAULT NULL,
  `type` varchar(255) DEFAULT NULL,
  `status` int(1) DEFAULT '0',
  `pid` int(11) DEFAULT '0',
  `value` varchar(255) DEFAULT NULL,
  `sorting` int(11) DEFAULT NULL,
  PRIMARY KEY (`id`)
) ENGINE=MyISAM AUTO_INCREMENT=39 DEFAULT CHARSET=utf8;

-- ----------------------------
-- Records of tbl_category
-- ----------------------------
INSERT INTO `tbl_category` VALUES ('1', 'Content Provider', 'content-provider', 'a:2:{s:4:\"link\";s:0:\"\";s:4:\"icon\";s:9:\"icon-home\";}', '2017-05-03 15:41:34', '2017-05-08 12:00:25', 'dashboard', '1', '0', null, '0');
INSERT INTO `tbl_category` VALUES ('2', 'News & Blogs', 'news-blogs', 'a:2:{s:4:\"link\";s:0:\"\";s:4:\"icon\";s:10:\"fa fa-bars\";}', '2017-05-03 15:51:09', '2017-05-16 10:50:46', 'dashboard', '1', '1', null, '0');
INSERT INTO `tbl_category` VALUES ('20', 'Events Category', 'events-category', 'a:2:{s:4:\"link\";s:27:\"/dashboard/category/view/10\";s:4:\"icon\";s:0:\"\";}', '2017-05-16 14:56:06', '2017-05-19 22:33:06', 'dashboard', '1', '30', null, '7');
INSERT INTO `tbl_category` VALUES ('4', 'AAAA', 'aaaa', 'a:2:{s:4:\"link\";s:0:\"\";s:4:\"icon\";s:0:\"\";}', '2017-05-03 16:57:43', null, 'dashboard2', '0', null, null, '0');
INSERT INTO `tbl_category` VALUES ('5', 'Category', 'category', 'a:2:{s:4:\"link\";s:26:\"/dashboard/category/view/5\";s:4:\"icon\";s:0:\"\";}', '2017-05-03 21:43:59', '2017-05-16 10:50:48', 'dashboard', '1', '2', null, '0');
INSERT INTO `tbl_category` VALUES ('6', 'Service Operator', 'service-operator', 'a:2:{s:4:\"link\";s:0:\"\";s:4:\"icon\";s:13:\"icon-settings\";}', '2017-05-03 21:59:44', null, 'dashboard', '0', '0', null, '0');
INSERT INTO `tbl_category` VALUES ('7', 'Setting', 'setting', 'a:2:{s:4:\"link\";s:0:\"\";s:4:\"icon\";s:10:\"fa fa-cogs\";}', '2017-05-03 22:00:16', null, 'dashboard', '0', '6', null, '0');
INSERT INTO `tbl_category` VALUES ('8', 'User Managerment', 'user-managerment', 'a:2:{s:4:\"link\";s:0:\"\";s:4:\"icon\";s:9:\"icon-user\";}', '2017-05-03 22:00:48', '2017-05-16 11:02:17', 'dashboard', '0', '6', null, '0');
INSERT INTO `tbl_category` VALUES ('9', 'File Manager', 'file-manager', 'a:2:{s:4:\"link\";s:0:\"\";s:4:\"icon\";s:11:\"fa fa-image\";}', '2017-05-03 22:01:19', null, 'dashboard', '0', '6', null, '0');
INSERT INTO `tbl_category` VALUES ('10', 'Mobile Developer', 'mobile-developer', 'a:2:{s:4:\"link\";s:0:\"\";s:4:\"icon\";s:0:\"\";}', '2017-05-05 19:39:38', null, 'news', '0', null, null, '0');
INSERT INTO `tbl_category` VALUES ('11', 'Web Development', 'web-development', 'a:2:{s:4:\"link\";s:0:\"\";s:4:\"icon\";s:0:\"\";}', '2017-05-05 19:39:49', null, 'news', '0', null, null, '0');
INSERT INTO `tbl_category` VALUES ('12', 'Graphic Design', 'graphic-design', 'a:2:{s:4:\"link\";s:0:\"\";s:4:\"icon\";s:0:\"\";}', '2017-05-05 19:40:00', null, 'news', '0', null, null, '0');
INSERT INTO `tbl_category` VALUES ('13', 'Printing', 'printing', 'a:2:{s:4:\"link\";s:0:\"\";s:4:\"icon\";s:0:\"\";}', '2017-05-05 19:40:05', null, 'news', '0', null, null, '0');
INSERT INTO `tbl_category` VALUES ('14', 'Thiết Kế Đồ Họa', 'thiet-ke-do-hoa', 'a:4:{s:8:\"subtitle\";s:32:\"Lorem Ipsum is simply dummy text\";s:4:\"desc\";s:73:\"Lorem Ipsum is simply dummy text of the printing and typesetting industry\";s:5:\"cover\";s:31:\"/assets/creative/images/107.jpg\";s:5:\"links\";s:107:\"<li>Ipsum is simply dummy text</li>\n<li>Ipsum is simply dummy text</li>\n<li>Ipsum is simply dummy text</li>\";}', '2017-05-15 21:57:19', '2017-05-19 15:44:00', 'services', '1', null, null, '22');
INSERT INTO `tbl_category` VALUES ('15', 'Thiết Kế Website', 'thiet-ke-website', 'a:4:{s:8:\"subtitle\";s:32:\"Lorem Ipsum is simply dummy text\";s:4:\"desc\";s:73:\"Lorem Ipsum is simply dummy text of the printing and typesetting industry\";s:5:\"cover\";s:23:\"/data/image/img/101.jpg\";s:5:\"links\";s:107:\"<li>Ipsum is simply dummy text</li>\n<li>Ipsum is simply dummy text</li>\n<li>Ipsum is simply dummy text</li>\";}', '2017-05-15 22:03:13', '2017-05-19 15:44:24', 'services', '1', null, null, '21');
INSERT INTO `tbl_category` VALUES ('16', 'Phát Triển Website', 'phat-trien-website', 'a:4:{s:8:\"subtitle\";s:32:\"Lorem Ipsum is simply dummy text\";s:4:\"desc\";s:73:\"Lorem Ipsum is simply dummy text of the printing and typesetting industry\";s:5:\"cover\";s:23:\"/data/image/img/103.jpg\";s:5:\"links\";s:107:\"<li>Ipsum is simply dummy text</li>\n<li>Ipsum is simply dummy text</li>\n<li>Ipsum is simply dummy text</li>\";}', '2017-05-15 22:08:13', '2017-05-19 15:44:39', 'services', '1', null, null, '20');
INSERT INTO `tbl_category` VALUES ('17', 'All News & Blogs', 'all-news-blogs', 'a:2:{s:4:\"link\";s:13:\"/dashboard/20\";s:4:\"icon\";s:0:\"\";}', '2017-05-16 10:51:33', '2017-05-21 12:54:31', 'dashboard', '1', '2', null, '4');
INSERT INTO `tbl_category` VALUES ('18', 'Service Category', 'service-category', 'a:2:{s:4:\"link\";s:26:\"/dashboard/category/view/9\";s:4:\"icon\";s:0:\"\";}', '2017-05-16 10:56:52', '2017-05-19 21:58:20', 'dashboard', '1', '28', null, '5');
INSERT INTO `tbl_category` VALUES ('19', 'Home Slider', 'home-slider', 'a:2:{s:4:\"link\";s:12:\"/dashboard/8\";s:4:\"icon\";s:0:\"\";}', '2017-05-16 10:57:39', null, 'dashboard', '1', '1', null, '6');
INSERT INTO `tbl_category` VALUES ('21', 'Projects Category', 'projects-category', 'a:2:{s:4:\"link\";s:27:\"/dashboard/category/view/11\";s:4:\"icon\";s:0:\"\";}', '2017-05-16 14:56:35', '2017-05-20 11:48:51', 'dashboard', '1', '34', null, '8');
INSERT INTO `tbl_category` VALUES ('22', 'Web Development', 'web-development', 'N;', '2017-05-16 14:58:42', null, 'projects', '1', null, null, '9');
INSERT INTO `tbl_category` VALUES ('23', 'Mobile Developer', 'mobile-developer', 'N;', '2017-05-16 14:58:49', null, 'projects', '1', null, null, '10');
INSERT INTO `tbl_category` VALUES ('24', 'App Developer', 'app-developer', 'N;', '2017-05-16 14:58:59', null, 'projects', '1', null, null, '11');
INSERT INTO `tbl_category` VALUES ('25', 'Thiết Kế In Ấn', 'thiet-ke-in-an', 'a:4:{s:8:\"subtitle\";s:32:\"Lorem Ipsum is simply dummy text\";s:4:\"desc\";s:73:\"Lorem Ipsum is simply dummy text of the printing and typesetting industry\";s:5:\"cover\";s:23:\"/data/image/img/105.jpg\";s:5:\"links\";s:107:\"<li>Ipsum is simply dummy text</li>\n<li>Ipsum is simply dummy text</li>\n<li>Ipsum is simply dummy text</li>\";}', '2017-05-18 15:49:15', '2017-05-19 15:44:55', 'services', '1', null, null, '19');
INSERT INTO `tbl_category` VALUES ('26', 'Thiết Kế & Xây Dựng Thương Hiệu', 'thiet-ke-xay-dung-thuong-hieu', 'a:4:{s:8:\"subtitle\";s:32:\"Lorem Ipsum is simply dummy text\";s:4:\"desc\";s:73:\"Lorem Ipsum is simply dummy text of the printing and typesetting industry\";s:5:\"cover\";s:23:\"/data/image/img/106.jpg\";s:5:\"links\";s:107:\"<li>Ipsum is simply dummy text</li>\n<li>Ipsum is simply dummy text</li>\n<li>Ipsum is simply dummy text</li>\";}', '2017-05-18 15:49:35', '2017-05-19 15:45:07', 'services', '1', null, null, '18');
INSERT INTO `tbl_category` VALUES ('27', 'Marketing Online', 'marketing-online', 'a:4:{s:8:\"subtitle\";s:32:\"Lorem Ipsum is simply dummy text\";s:4:\"desc\";s:73:\"Lorem Ipsum is simply dummy text of the printing and typesetting industry\";s:5:\"cover\";s:26:\"/data/image/img/design.jpg\";s:5:\"links\";s:107:\"<li>Ipsum is simply dummy text</li>\n<li>Ipsum is simply dummy text</li>\n<li>Ipsum is simply dummy text</li>\";}', '2017-05-18 15:49:48', '2017-05-19 15:45:18', 'services', '1', null, null, '17');
INSERT INTO `tbl_category` VALUES ('28', 'Services', 'services', 'a:2:{s:4:\"link\";s:0:\"\";s:4:\"icon\";s:0:\"\";}', '2017-05-19 21:58:10', null, 'dashboard', '1', '1', null, '23');
INSERT INTO `tbl_category` VALUES ('29', 'All Services', 'all-services', 'a:2:{s:4:\"link\";s:13:\"/dashboard/16\";s:4:\"icon\";s:0:\"\";}', '2017-05-19 21:58:46', null, 'dashboard', '1', '28', null, '24');
INSERT INTO `tbl_category` VALUES ('30', 'Events', 'events', 'a:2:{s:4:\"link\";s:0:\"\";s:4:\"icon\";s:0:\"\";}', '2017-05-19 22:32:57', null, 'dashboard', '1', '1', null, '25');
INSERT INTO `tbl_category` VALUES ('31', 'All Events', 'all-events', 'a:2:{s:4:\"link\";s:13:\"/dashboard/17\";s:4:\"icon\";s:0:\"\";}', '2017-05-19 22:34:14', '2017-05-19 22:34:31', 'dashboard', '1', '30', null, '26');
INSERT INTO `tbl_category` VALUES ('32', 'Tuần', 'tuan', 'N;', '2017-05-19 22:45:29', null, 'events', '1', null, null, '27');
INSERT INTO `tbl_category` VALUES ('33', 'Tháng', 'thang', 'N;', '2017-05-19 22:45:34', null, 'events', '1', null, null, '28');
INSERT INTO `tbl_category` VALUES ('34', 'Projects', 'projects', 'a:2:{s:4:\"link\";s:0:\"\";s:4:\"icon\";s:0:\"\";}', '2017-05-20 11:48:42', null, 'dashboard', '1', '1', null, '29');
INSERT INTO `tbl_category` VALUES ('35', 'All Projects', 'all-projects', 'a:2:{s:4:\"link\";s:13:\"/dashboard/19\";s:4:\"icon\";s:0:\"\";}', '2017-05-20 11:49:03', null, 'dashboard', '1', '34', null, '30');
INSERT INTO `tbl_category` VALUES ('36', 'Home', 'home', 'N;', '2017-05-24 14:10:16', null, 'creative', '1', null, null, '31');
INSERT INTO `tbl_category` VALUES ('37', 'Contact', 'contact', 'N;', '2017-05-24 14:10:26', null, 'creative', '1', null, null, '32');
INSERT INTO `tbl_category` VALUES ('38', 'Other', 'other', 'N;', '2017-05-24 14:10:32', null, 'creative', '1', null, null, '33');

-- ----------------------------
-- Table structure for tbl_data
-- ----------------------------
DROP TABLE IF EXISTS `tbl_data`;
CREATE TABLE `tbl_data` (
  `id` int(11) NOT NULL AUTO_INCREMENT,
  `title` varchar(255) DEFAULT NULL,
  `alias` varchar(255) DEFAULT NULL,
  `data` text,
  `created` datetime DEFAULT NULL,
  `modified` datetime DEFAULT NULL,
  `type` varchar(255) DEFAULT NULL,
  `status` int(1) DEFAULT '0',
  `category` int(11) DEFAULT '-1',
  `pid` int(11) DEFAULT '-1',
  `longdata` longtext,
  `key` varchar(32) DEFAULT NULL,
  `sorting` int(11) DEFAULT '1',
  `author` varchar(50) DEFAULT NULL,
  PRIMARY KEY (`id`)
) ENGINE=MyISAM AUTO_INCREMENT=41 DEFAULT CHARSET=utf8;

-- ----------------------------
-- Records of tbl_data
-- ----------------------------
INSERT INTO `tbl_data` VALUES ('5', 'Getting and Saving Data in CKEditor old2', 'getting-and-saving-data-in-ckeditor-old2', 'a:8:{s:6:\"text02\";s:423:\"CKEditor helps you create content but it is the role of your website or application to deal with the data created in this way. Saving data is a server-side operation and you are free to implement the save functionality on your own, in any way you like. CKEditor is a pure JavaScript component and it does not offer anything more than JavaScript methods and events to access the data so that you could save it on the server.\";s:6:\"html03\";s:1326:\"<h2>Retrieving Data from CKEditor</h2>\n\n<p>Some applications need to handle all data on the client side, sending it to the server using their specific methods. This is what usually happens in <a href=\"http://docs.ckeditor.com/#!/guide/dev_inline\" style=\"box-sizing: border-box; color: rgb(12, 127, 204); text-decoration-line: none;\">inline editing</a> — with the possibility to <a href=\"http://docs.ckeditor.com/#!/api/CKEDITOR-method-inline\" style=\"box-sizing: border-box; color: rgb(12, 127, 204); text-decoration-line: none;\">create</a> and <a href=\"http://docs.ckeditor.com/#!/api/CKEDITOR.editor-method-destroy\" style=\"box-sizing: border-box; color: rgb(12, 127, 204); text-decoration-line: none;\">destroy</a> CKEditor instances dynamically, CKEditor is a perfect match for Ajax applications. If this is the case, it is enough to use the JavaScript API methods to easily retrieve the editor instance data.</p>\n\n<p>To retrieve the editor data, call the <a class=\"docClass\" href=\"http://docs.ckeditor.com/#!/api/CKEDITOR.editor-method-getData\" rel=\"CKEDITOR.editor-method-getData\" style=\"box-sizing: border-box; color: rgb(12, 127, 204); text-decoration-line: none;\">CKEDITOR.editor.getData</a> method of the editor instance. For an editor instance with an ID of editor1, this would look like the following:</p>\n\";s:8:\"field_01\";s:44:\"Saving Data in CKEditor Replacing a Textarea\";s:8:\"field_04\";s:129:\"http://www.gravatar.com/avatar/a53aed2b7c6e69fecd5a8338158a440f.jpg?d=http%3A//c.cksource.com/a/1/img/default_avatar.png&s=83&r=G\";s:8:\"field_05\";s:9:\"field_051\";s:8:\"field_06\";s:1:\"1\";s:8:\"field_08\";s:4:\"f081\";s:8:\"field_07\";a:2:{i:0;s:4:\"f071\";i:1;s:4:\"f072\";}}', '2017-05-07 21:31:48', '2017-05-15 12:02:30', 'news', '1', '10', null, 'a:1:{s:8:\"field_10\";a:2:{i:0;a:3:{s:5:\"alias\";s:11:\"img-0111122\";s:5:\"title\";s:11:\"Img 0111122\";s:5:\"image\";s:129:\"http://www.gravatar.com/avatar/a53aed2b7c6e69fecd5a8338158a440f.jpg?d=http%3A//c.cksource.com/a/1/img/default_avatar.png&s=83&r=G\";}i:1;a:3:{s:5:\"alias\";s:4:\"3333\";s:5:\"title\";s:4:\"3333\";s:5:\"image\";s:4:\"4444\";}}}', '1', '4', null);
INSERT INTO `tbl_data` VALUES ('6', 'Getting and Saving Data in CKEditor', 'getting-and-saving-data-in-ckeditor', 'a:8:{s:6:\"text02\";s:423:\"CKEditor helps you create content but it is the role of your website or application to deal with the data created in this way. Saving data is a server-side operation and you are free to implement the save functionality on your own, in any way you like. CKEditor is a pure JavaScript component and it does not offer anything more than JavaScript methods and events to access the data so that you could save it on the server.\";s:6:\"html03\";s:1326:\"<h2>Retrieving Data from CKEditor</h2>\n\n<p>Some applications need to handle all data on the client side, sending it to the server using their specific methods. This is what usually happens in <a href=\"http://docs.ckeditor.com/#!/guide/dev_inline\" style=\"box-sizing: border-box; color: rgb(12, 127, 204); text-decoration-line: none;\">inline editing</a> — with the possibility to <a href=\"http://docs.ckeditor.com/#!/api/CKEDITOR-method-inline\" style=\"box-sizing: border-box; color: rgb(12, 127, 204); text-decoration-line: none;\">create</a> and <a href=\"http://docs.ckeditor.com/#!/api/CKEDITOR.editor-method-destroy\" style=\"box-sizing: border-box; color: rgb(12, 127, 204); text-decoration-line: none;\">destroy</a> CKEditor instances dynamically, CKEditor is a perfect match for Ajax applications. If this is the case, it is enough to use the JavaScript API methods to easily retrieve the editor instance data.</p>\n\n<p>To retrieve the editor data, call the <a class=\"docClass\" href=\"http://docs.ckeditor.com/#!/api/CKEDITOR.editor-method-getData\" rel=\"CKEDITOR.editor-method-getData\" style=\"box-sizing: border-box; color: rgb(12, 127, 204); text-decoration-line: none;\">CKEDITOR.editor.getData</a> method of the editor instance. For an editor instance with an ID of editor1, this would look like the following:</p>\n\";s:8:\"field_01\";s:44:\"Saving Data in CKEditor Replacing a Textarea\";s:8:\"field_04\";s:129:\"http://www.gravatar.com/avatar/a53aed2b7c6e69fecd5a8338158a440f.jpg?d=http%3A//c.cksource.com/a/1/img/default_avatar.png&s=83&r=G\";s:8:\"field_05\";s:9:\"field_051\";s:8:\"field_06\";s:1:\"1\";s:8:\"field_08\";s:4:\"f081\";s:8:\"field_07\";a:2:{i:0;s:4:\"f071\";i:1;s:4:\"f072\";}}', '2017-05-07 21:57:28', '2017-05-15 11:59:12', 'news', '1', '13', null, 'a:1:{s:8:\"field_10\";a:1:{i:0;a:3:{s:5:\"alias\";s:7:\"img-011\";s:5:\"title\";s:7:\"Img 011\";s:5:\"image\";s:129:\"http://www.gravatar.com/avatar/a53aed2b7c6e69fecd5a8338158a440f.jpg?d=http%3A//c.cksource.com/a/1/img/default_avatar.png&s=83&r=G\";}}}', '9', '5', null);
INSERT INTO `tbl_data` VALUES ('7', 'Getting and Saving Data in CKEditor old21', 'getting-and-saving-data-in-ckeditor-old21', 'a:8:{s:6:\"text02\";s:5:\"adasd\";s:6:\"html03\";s:3:\"asd\";s:8:\"field_01\";s:3:\"asd\";s:8:\"field_04\";s:3:\"asd\";s:8:\"field_05\";s:9:\"field_051\";s:8:\"field_06\";s:1:\"1\";s:8:\"field_08\";s:4:\"f081\";s:8:\"field_07\";a:1:{i:0;s:4:\"f072\";}}', '2017-05-15 12:10:28', null, 'news', '0', '-1', null, 'N;', null, '3', null);
INSERT INTO `tbl_data` VALUES ('8', 'Bug #6700', 'bug-6700', 'a:8:{s:6:\"text02\";s:9:\"Bug #6700\";s:6:\"html03\";s:19:\"<h2>Bug #6700</h2>\n\";s:8:\"field_01\";s:9:\"Bug #6700\";s:8:\"field_04\";s:9:\"Bug #6700\";s:8:\"field_05\";s:9:\"field_051\";s:8:\"field_06\";s:1:\"1\";s:8:\"field_08\";s:4:\"f081\";s:8:\"field_07\";a:1:{i:0;s:4:\"f072\";}}', '2017-05-15 14:42:33', '2017-05-15 14:50:58', 'news', '1', '-1', null, 'N;', null, '6', null);
INSERT INTO `tbl_data` VALUES ('9', 'long-arrow-up', 'long-arrow-up', 'a:7:{s:6:\"text02\";s:13:\"long-arrow-up\";s:6:\"html03\";s:13:\"long-arrow-up\";s:8:\"field_01\";s:13:\"long-arrow-up\";s:8:\"field_04\";s:13:\"long-arrow-up\";s:8:\"field_05\";s:9:\"field_051\";s:8:\"field_08\";s:4:\"f081\";s:8:\"field_07\";a:1:{i:0;s:4:\"f072\";}}', '2017-05-15 14:50:49', '2017-05-15 15:05:11', 'news', '1', '0', null, 'N;', null, '7', null);
INSERT INTO `tbl_data` VALUES ('10', 'long-arrow-up2', 'long-arrow-up2', 'a:7:{s:6:\"text02\";s:13:\"long-arrow-up\";s:6:\"html03\";s:13:\"long-arrow-up\";s:8:\"field_01\";s:13:\"long-arrow-up\";s:8:\"field_04\";s:13:\"long-arrow-up\";s:8:\"field_05\";s:9:\"field_051\";s:8:\"field_08\";s:4:\"f081\";s:8:\"field_07\";a:1:{i:0;s:4:\"f072\";}}', '2017-05-15 15:05:32', '2017-05-15 15:24:47', 'news', '1', '0', null, 'a:1:{s:8:\"field_10\";a:1:{i:0;a:3:{s:5:\"alias\";s:5:\"sdasd\";s:5:\"title\";s:5:\"sdasd\";s:5:\"image\";s:6:\"ádasd\";}}}', null, '8', null);
INSERT INTO `tbl_data` VALUES ('11', 'XIN CHÀO CHÚNG TÔI LÀ GIẢI PHÁP THIẾT KẾ SÁNG TẠO', 'xin-chao-chung-toi-la-giai-phap-thiet-ke-sang-tao', 'a:3:{s:8:\"subtitle\";s:103:\"thiết kế đồ họa - Thiết kế website - thiết kế & in ấn - thiết kế thương hiệu\";s:5:\"image\";s:30:\"/data/image/slider/slider1.jpg\";s:3:\"url\";s:0:\"\";}', '2017-05-15 21:53:00', null, 'slider', '1', '-1', null, 'N;', null, '9', null);
INSERT INTO `tbl_data` VALUES ('12', 'XIN CHÀO CHÚNG TÔI LÀ GIẢI PHÁP THIẾT KẾ SÁNG TẠO', 'xin-chao-chung-toi-la-giai-phap-thiet-ke-sang-tao', 'a:3:{s:8:\"subtitle\";s:103:\"thiết kế đồ họa - Thiết kế website - thiết kế & in ấn - thiết kế thương hiệu\";s:5:\"image\";s:30:\"/data/image/slider/slider2.jpg\";s:3:\"url\";s:0:\"\";}', '2017-05-15 21:53:34', null, 'slider', '1', '-1', null, 'N;', null, '10', null);
INSERT INTO `tbl_data` VALUES ('13', 'XIN CHÀO CHÚNG TÔI LÀ<br/>GIẢI PHÁP THIẾT KẾ SÁNG TẠO', 'xin-chao-chung-toi-labrgiai-phap-thiet-ke-sang-tao', 'a:3:{s:8:\"subtitle\";s:103:\"thiết kế đồ họa - Thiết kế website - thiết kế & in ấn - thiết kế thương hiệu\";s:5:\"image\";s:86:\"http://cdn2.crumina.net/modesto/wp-content/uploads/2016/06/background-33-1920x1000.jpg\";s:3:\"url\";s:1:\"/\";}', '2017-05-16 13:35:38', '2017-05-16 13:35:44', 'slider', '1', '-1', null, 'N;', null, '11', null);
INSERT INTO `tbl_data` VALUES ('14', 'XIN CHÀO CHÚNG TÔI LÀ<br/>GIẢI PHÁP THIẾT KẾ SÁNG TẠO(copy)', 'xin-chao-chung-toi-labrgiai-phap-thiet-ke-sang-taocopy', 'a:3:{s:8:\"subtitle\";s:103:\"thiết kế đồ họa - Thiết kế website - thiết kế & in ấn - thiết kế thương hiệu\";s:5:\"image\";s:86:\"http://cdn1.crumina.net/modesto/wp-content/uploads/2016/06/background-35-1920x1000.jpg\";s:3:\"url\";s:1:\"/\";}', '2017-05-16 13:35:59', '2017-05-16 13:36:15', 'slider', '1', '-1', null, 'N;', null, '12', null);
INSERT INTO `tbl_data` VALUES ('15', 'Về Chúng Tôi', 've-chung-toi', 'a:1:{s:6:\"slogan\";s:95:\"Những dự án đã và đang thực hiện cho đối tác & khách hàng của chúng tôi.\";}', '2017-05-17 23:12:53', '2017-05-18 11:39:50', 'about-us', '1', '-1', null, 'a:1:{s:4:\"boxs\";a:2:{i:0;a:4:{s:5:\"alias\";s:14:\"-chung-toi-la-\";s:5:\"title\";s:21:\"-- CHÚNG TÔI LÀ --\";s:5:\"image\";s:31:\"/assets/creative/images/101.jpg\";s:4:\"desc\";s:366:\"Lorem Ipsum is simply dummy text of the printing and typesetting industry. Lorem Ipsum has been the industry\'s standard dummy text ever since the 1500s, when an unknown printer took a galley of type and scrambled it to make a type specimen book. It has survived not only five centuries, but also the leap into electronic typesetting, remaining essentially unchanged.\";}i:1;a:4:{s:5:\"alias\";s:14:\"-chung-toi-la-\";s:5:\"title\";s:21:\"-- CHÚNG TÔI LÀ --\";s:5:\"image\";s:31:\"/assets/creative/images/102.jpg\";s:4:\"desc\";s:366:\"Lorem Ipsum is simply dummy text of the printing and typesetting industry. Lorem Ipsum has been the industry\'s standard dummy text ever since the 1500s, when an unknown printer took a galley of type and scrambled it to make a type specimen book. It has survived not only five centuries, but also the leap into electronic typesetting, remaining essentially unchanged.\";}}}', null, '13', null);
INSERT INTO `tbl_data` VALUES ('16', 'Trường Khương', 'truong-khuong', 'a:6:{s:5:\"image\";s:34:\"/assets/creative/images/staff3.jpg\";s:5:\"cover\";s:32:\"/assets/creative/images/code.jpg\";s:8:\"position\";s:15:\"Project Manager\";s:2:\"fb\";s:1:\"/\";s:2:\"tw\";s:1:\"/\";s:2:\"gg\";s:1:\"/\";}', '2017-05-18 16:40:40', null, 'staff', '1', '-1', null, 'a:1:{s:6:\"skills\";a:4:{i:0;a:3:{s:5:\"alias\";s:15:\"thiet-ke-do-hoa\";s:5:\"title\";s:24:\"Thiết Kế Đồ Họa\";s:7:\"process\";s:2:\"50\";}i:1;a:3:{s:5:\"alias\";s:23:\"thiet-ke-phat-trien-web\";s:5:\"title\";s:30:\"Thiết Kế Phát Triển Web\";s:7:\"process\";s:2:\"60\";}i:2;a:3:{s:5:\"alias\";s:14:\"thiet-ke-in-an\";s:5:\"title\";s:20:\"Thiết Kế In Ấn\";s:7:\"process\";s:2:\"76\";}i:3;a:3:{s:5:\"alias\";s:22:\"phat-trien-thuong-hieu\";s:5:\"title\";s:29:\"Phát Triển Thương Hiệu\";s:7:\"process\";s:2:\"85\";}}}', null, '14', null);
INSERT INTO `tbl_data` VALUES ('17', 'Trường Khương2', 'truong-khuong2', 'a:6:{s:5:\"image\";s:26:\"/data/image/img/staff4.jpg\";s:5:\"cover\";s:26:\"/data/image/img/design.jpg\";s:8:\"position\";s:15:\"Project Manager\";s:2:\"fb\";s:1:\"/\";s:2:\"tw\";s:1:\"/\";s:2:\"gg\";s:1:\"/\";}', '2017-05-18 16:51:33', '2017-05-18 16:59:29', 'staff', '1', '-1', null, 'a:1:{s:6:\"skills\";a:4:{i:0;a:3:{s:5:\"alias\";s:20:\"androidios-developer\";s:5:\"title\";s:21:\"Android/ios Developer\";s:7:\"process\";s:2:\"77\";}i:1;a:3:{s:5:\"alias\";s:15:\"database-design\";s:5:\"title\";s:15:\"Database Design\";s:7:\"process\";s:2:\"60\";}i:2;a:3:{s:5:\"alias\";s:15:\"web-development\";s:5:\"title\";s:15:\"Web Development\";s:7:\"process\";s:2:\"76\";}i:3;a:3:{s:5:\"alias\";s:16:\"server-sercurity\";s:5:\"title\";s:16:\"Server Sercurity\";s:7:\"process\";s:2:\"22\";}}}', null, '15', null);
INSERT INTO `tbl_data` VALUES ('18', 'Trường Khương3', 'truong-khuong3', 'a:6:{s:5:\"image\";s:23:\"/data/image/img/105.jpg\";s:5:\"cover\";s:23:\"/data/image/img/101.jpg\";s:8:\"position\";s:15:\"Project Manager\";s:2:\"fb\";s:1:\"/\";s:2:\"tw\";s:1:\"/\";s:2:\"gg\";s:1:\"/\";}', '2017-05-18 16:51:38', '2017-05-18 16:54:16', 'staff', '1', '-1', null, 'a:1:{s:6:\"skills\";a:4:{i:0;a:3:{s:5:\"alias\";s:15:\"thiet-ke-do-hoa\";s:5:\"title\";s:24:\"Thiết Kế Đồ Họa\";s:7:\"process\";s:2:\"50\";}i:1;a:3:{s:5:\"alias\";s:23:\"thiet-ke-phat-trien-web\";s:5:\"title\";s:30:\"Thiết Kế Phát Triển Web\";s:7:\"process\";s:2:\"60\";}i:2;a:3:{s:5:\"alias\";s:14:\"thiet-ke-in-an\";s:5:\"title\";s:20:\"Thiết Kế In Ấn\";s:7:\"process\";s:2:\"76\";}i:3;a:3:{s:5:\"alias\";s:22:\"phat-trien-thuong-hieu\";s:5:\"title\";s:29:\"Phát Triển Thương Hiệu\";s:7:\"process\";s:2:\"85\";}}}', null, '16', null);
INSERT INTO `tbl_data` VALUES ('19', 'Đấu giá ngược quà khủng', 'dau-gia-nguoc-qua-khung', 'a:2:{s:5:\"image\";s:35:\"https://wildfiregames.com/img/5.jpg\";s:4:\"desc\";s:170:\"Lorem Ipsum has been the industry\'s standard dummy text ever since the 1500s, when an unknown printer took a galley of type and scrambled it to make a type specimen book.\";}', '2017-05-19 22:00:18', '2017-05-19 22:00:30', 'services', '1', '26', null, 'N;', null, '17', null);
INSERT INTO `tbl_data` VALUES ('20', 'Đấu giá ngược quà khủng', 'dau-gia-nguoc-qua-khung', 'a:2:{s:5:\"image\";s:82:\"http://weirdbeard.nl/wp/wp-content/uploads/2016/02/Banner_TrickyTowers-960x480.png\";s:4:\"desc\";s:170:\"Lorem Ipsum has been the industry\'s standard dummy text ever since the 1500s, when an unknown printer took a galley of type and scrambled it to make a type specimen book.\";}', '2017-05-19 22:01:06', '2017-05-19 22:01:24', 'services', '1', '26', null, 'N;', null, '18', null);
INSERT INTO `tbl_data` VALUES ('21', 'Đấu giá ngược quà khủng', 'dau-gia-nguoc-qua-khung', 'a:2:{s:5:\"image\";s:74:\"https://deepthegame.files.wordpress.com/2015/12/si_wiiu_splatoon.jpg?w=960\";s:4:\"desc\";s:170:\"Lorem Ipsum has been the industry\'s standard dummy text ever since the 1500s, when an unknown printer took a galley of type and scrambled it to make a type specimen book.\";}', '2017-05-19 22:02:16', '2017-05-19 22:02:42', 'services', '1', '26', null, 'N;', null, '19', null);
INSERT INTO `tbl_data` VALUES ('22', 'Đấu giá ngược quà khủng', 'dau-gia-nguoc-qua-khung', 'a:2:{s:5:\"image\";s:23:\"/data/image/img/101.jpg\";s:4:\"desc\";s:170:\"Lorem Ipsum has been the industry\'s standard dummy text ever since the 1500s, when an unknown printer took a galley of type and scrambled it to make a type specimen book.\";}', '2017-05-19 22:07:38', '2017-05-19 22:13:13', 'services', '1', '26', '-1', null, null, '20', null);
INSERT INTO `tbl_data` VALUES ('23', 'ĐẤU GIÁ NGƯỢC QUÀ KHỦNG', 'dau-gia-nguoc-qua-khung', 'a:2:{s:5:\"image\";s:35:\"https://wildfiregames.com/img/5.jpg\";s:4:\"desc\";s:169:\"Lorem Ipsum has been the industry\'s standard dummy text ever since the 1500s, when an unknown printer took a galley of type and scrambled it to make a type specimen book\";}', '2017-05-19 22:47:32', '2017-05-19 23:30:41', 'events', '1', '32', '-1', 'a:1:{s:7:\"content\";s:2408:\"<div>Lorem Ipsum is simply dummy text of the printing and typesetting industry. Lorem Ipsum has been the industry&#39;s standard dummy text ever since the 1500s, when an unknown printer took a galley of type and scrambled it to make a type specimen book. It has survived not only five centuries, but also the leap into electronic typesetting, remaining essentially unchanged. It was popularised in the 1960s with the release of Letraset sheets containing Lorem Ipsum passages, and more recently with desktop publishing software like Aldus PageMaker including versions of Lorem Ipsum.</div>\n\n<div>Why do we use it?<br />\nIt is a long established fact that a reader will be distracted by the readable content of a page when looking at its layout. The point of using Lorem Ipsum is that it has a more-or-less normal distribution of letters, as opposed to using &#39;Content here, content here&#39;, making it look like readable English. Many desktop publishing packages and web page editors now use Lorem Ipsum as their default model text, and a search for &#39;lorem ipsum&#39; will uncover many web sites still in their infancy. Various versions have evolved over the years, sometimes by accident, sometimes on purpose (injected humour and the like).</div>\n\n<div><br />\nWhere does it come from?<br />\nContrary to popular belief, Lorem Ipsum is not simply random text. It has roots in a piece of classical Latin literature from 45 BC, making it over 2000 years old. Richard McClintock, a Latin professor at Hampden-Sydney College in Virginia, looked up one of the more obscure Latin words, consectetur, from a Lorem Ipsum passage, and going through the cites of the word in classical literature, discovered the undoubtable source. Lorem Ipsum comes from sections 1.10.32 and 1.10.33 of &quot;de Finibus Bonorum et Malorum&quot; (The Extremes of Good and Evil) by Cicero, written in 45 BC. This book is a treatise on the theory of ethics, very popular during the Renaissance. The first line of Lorem Ipsum, &quot;Lorem ipsum dolor sit amet..&quot;, comes from a line in section 1.10.32.</div>\n\n<div>The standard chunk of Lorem Ipsum used since the 1500s is reproduced below for those interested. Sections 1.10.32 and 1.10.33 from &quot;de Finibus Bonorum et Malorum&quot; by Cicero are also reproduced in their exact original form, accompanied by English versions from the 1914 translation by H. Rackham.</div>\n\";}', null, '21', null);
INSERT INTO `tbl_data` VALUES ('24', 'ĐẤU GIÁ NGƯỢC QUÀ KHỦNG2', 'dau-gia-nguoc-qua-khung2', 'a:2:{s:5:\"image\";s:23:\"/data/image/img/101.jpg\";s:4:\"desc\";s:169:\"Lorem Ipsum has been the industry\'s standard dummy text ever since the 1500s, when an unknown printer took a galley of type and scrambled it to make a type specimen book\";}', '2017-05-19 22:49:11', '2017-05-19 23:22:56', 'events', '1', '32', '-1', null, null, '22', null);
INSERT INTO `tbl_data` VALUES ('25', 'ĐẤU GIÁ NGƯỢC QUÀ KHỦNG3', 'dau-gia-nguoc-qua-khung3', 'a:2:{s:5:\"image\";s:23:\"/data/image/img/103.jpg\";s:4:\"desc\";s:169:\"Lorem Ipsum has been the industry\'s standard dummy text ever since the 1500s, when an unknown printer took a galley of type and scrambled it to make a type specimen book\";}', '2017-05-19 22:49:16', '2017-05-19 23:23:00', 'events', '1', '32', '-1', null, null, '23', null);
INSERT INTO `tbl_data` VALUES ('26', 'ĐẤU GIÁ NGƯỢC QUÀ KHỦNG4', 'dau-gia-nguoc-qua-khung4', 'a:2:{s:5:\"image\";s:23:\"/data/image/img/105.jpg\";s:4:\"desc\";s:169:\"Lorem Ipsum has been the industry\'s standard dummy text ever since the 1500s, when an unknown printer took a galley of type and scrambled it to make a type specimen book\";}', '2017-05-19 22:49:20', '2017-05-19 23:23:05', 'events', '1', '32', '-1', null, null, '24', null);
INSERT INTO `tbl_data` VALUES ('27', 'Vòng Quay May Mắn', 'vong-quay-may-man', 'a:4:{s:5:\"image\";s:23:\"/data/image/img/101.jpg\";s:4:\"desc\";s:169:\"Lorem Ipsum has been the industry\'s standard dummy text ever since the 1500s, when an unknown printer took a galley of type and scrambled it to make a type specimen book\";s:5:\"thumb\";s:21:\"/data/image/img/1.jpg\";s:7:\"display\";s:2:\"22\";}', '2017-05-20 10:01:19', '2017-05-20 11:40:49', 'projects', '1', '14', '-1', 'a:1:{s:7:\"content\";s:3475:\"<div>The standard Lorem Ipsum passage, used since the 1500s</div>\n\n<div>\"Lorem ipsum dolor sit amet, consectetur adipiscing elit, sed do eiusmod tempor incididunt ut labore et dolore magna aliqua. Ut enim ad minim veniam, quis nostrud exercitation ullamco laboris nisi ut aliquip ex ea commodo consequat. Duis aute irure dolor in reprehenderit in voluptate velit esse cillum dolore eu fugiat nulla pariatur. Excepteur sint occaecat cupidatat non proident, sunt in culpa qui officia deserunt mollit anim id est laborum.\"</div>\n\n<div>Section 1.10.32 of \"de Finibus Bonorum et Malorum\", written by Cicero in 45 BC</div>\n\n<div>\"Sed ut perspiciatis unde omnis iste natus error sit voluptatem accusantium doloremque laudantium, totam rem aperiam, eaque ipsa quae ab illo inventore veritatis et quasi architecto beatae vitae dicta sunt explicabo. Nemo enim ipsam voluptatem quia voluptas sit aspernatur aut odit aut fugit, sed quia consequuntur magni dolores eos qui ratione voluptatem sequi nesciunt. Neque porro quisquam est, qui dolorem ipsum quia dolor sit amet, consectetur, adipisci velit, sed quia non numquam eius modi tempora incidunt ut labore et dolore magnam aliquam quaerat voluptatem. Ut enim ad minima veniam, quis nostrum exercitationem ullam corporis suscipit laboriosam, nisi ut aliquid ex ea commodi consequatur? Quis autem vel eum iure reprehenderit qui in ea voluptate velit esse quam nihil molestiae consequatur, vel illum qui dolorem eum fugiat quo voluptas nulla pariatur?\"</div>\n\n<div>1914 translation by H. Rackham</div>\n\n<div>\"But I must explain to you how all this mistaken idea of denouncing pleasure and praising pain was born and I will give you a complete account of the system, and expound the actual teachings of the great explorer of the truth, the master-builder of human happiness. No one rejects, dislikes, or avoids pleasure itself, because it is pleasure, but because those who do not know how to pursue pleasure rationally encounter consequences that are extremely painful. Nor again is there anyone who loves or pursues or desires to obtain pain of itself, because it is pain, but because occasionally circumstances occur in which toil and pain can procure him some great pleasure. To take a trivial example, which of us ever undertakes laborious physical exercise, except to obtain some advantage from it? But who has any right to find fault with a man who chooses to enjoy a pleasure that has no annoying consequences, or one who avoids a pain that produces no resultant pleasure?\"</div>\n\n<div>Section 1.10.33 of \"de Finibus Bonorum et Malorum\", written by Cicero in 45 BC</div>\n\n<div>\"At vero eos et accusamus et iusto odio dignissimos ducimus qui blanditiis praesentium voluptatum deleniti atque corrupti quos dolores et quas molestias excepturi sint occaecati cupiditate non provident, similique sunt in culpa qui officia deserunt mollitia animi, id est laborum et dolorum fuga. Et harum quidem rerum facilis est et expedita distinctio. Nam libero tempore, cum soluta nobis est eligendi optio cumque nihil impedit quo minus id quod maxime placeat facere possimus, omnis voluptas assumenda est, omnis dolor repellendus. Temporibus autem quibusdam et aut officiis debitis aut rerum necessitatibus saepe eveniet ut et voluptates repudiandae sint et molestiae non recusandae. Itaque earum rerum hic tenetur a sapiente delectus, ut aut reiciendis voluptatibus maiores alias consequatur aut perferendis doloribus asperiores repellat.\"</div>\n\";}', null, '25', null);
INSERT INTO `tbl_data` VALUES ('28', 'Vòng Quay May Mắn 1', 'vong-quay-may-man-1', 'a:4:{s:5:\"image\";s:23:\"/data/image/img/102.jpg\";s:4:\"desc\";s:169:\"Lorem Ipsum has been the industry\'s standard dummy text ever since the 1500s, when an unknown printer took a galley of type and scrambled it to make a type specimen book\";s:5:\"thumb\";s:23:\"/data/image/img/201.jpg\";s:7:\"display\";s:2:\"21\";}', '2017-05-20 10:01:33', '2017-05-20 11:40:58', 'projects', '1', '14', '-1', 'a:1:{s:7:\"content\";s:3475:\"<div>The standard Lorem Ipsum passage, used since the 1500s</div>\n\n<div>\"Lorem ipsum dolor sit amet, consectetur adipiscing elit, sed do eiusmod tempor incididunt ut labore et dolore magna aliqua. Ut enim ad minim veniam, quis nostrud exercitation ullamco laboris nisi ut aliquip ex ea commodo consequat. Duis aute irure dolor in reprehenderit in voluptate velit esse cillum dolore eu fugiat nulla pariatur. Excepteur sint occaecat cupidatat non proident, sunt in culpa qui officia deserunt mollit anim id est laborum.\"</div>\n\n<div>Section 1.10.32 of \"de Finibus Bonorum et Malorum\", written by Cicero in 45 BC</div>\n\n<div>\"Sed ut perspiciatis unde omnis iste natus error sit voluptatem accusantium doloremque laudantium, totam rem aperiam, eaque ipsa quae ab illo inventore veritatis et quasi architecto beatae vitae dicta sunt explicabo. Nemo enim ipsam voluptatem quia voluptas sit aspernatur aut odit aut fugit, sed quia consequuntur magni dolores eos qui ratione voluptatem sequi nesciunt. Neque porro quisquam est, qui dolorem ipsum quia dolor sit amet, consectetur, adipisci velit, sed quia non numquam eius modi tempora incidunt ut labore et dolore magnam aliquam quaerat voluptatem. Ut enim ad minima veniam, quis nostrum exercitationem ullam corporis suscipit laboriosam, nisi ut aliquid ex ea commodi consequatur? Quis autem vel eum iure reprehenderit qui in ea voluptate velit esse quam nihil molestiae consequatur, vel illum qui dolorem eum fugiat quo voluptas nulla pariatur?\"</div>\n\n<div>1914 translation by H. Rackham</div>\n\n<div>\"But I must explain to you how all this mistaken idea of denouncing pleasure and praising pain was born and I will give you a complete account of the system, and expound the actual teachings of the great explorer of the truth, the master-builder of human happiness. No one rejects, dislikes, or avoids pleasure itself, because it is pleasure, but because those who do not know how to pursue pleasure rationally encounter consequences that are extremely painful. Nor again is there anyone who loves or pursues or desires to obtain pain of itself, because it is pain, but because occasionally circumstances occur in which toil and pain can procure him some great pleasure. To take a trivial example, which of us ever undertakes laborious physical exercise, except to obtain some advantage from it? But who has any right to find fault with a man who chooses to enjoy a pleasure that has no annoying consequences, or one who avoids a pain that produces no resultant pleasure?\"</div>\n\n<div>Section 1.10.33 of \"de Finibus Bonorum et Malorum\", written by Cicero in 45 BC</div>\n\n<div>\"At vero eos et accusamus et iusto odio dignissimos ducimus qui blanditiis praesentium voluptatum deleniti atque corrupti quos dolores et quas molestias excepturi sint occaecati cupiditate non provident, similique sunt in culpa qui officia deserunt mollitia animi, id est laborum et dolorum fuga. Et harum quidem rerum facilis est et expedita distinctio. Nam libero tempore, cum soluta nobis est eligendi optio cumque nihil impedit quo minus id quod maxime placeat facere possimus, omnis voluptas assumenda est, omnis dolor repellendus. Temporibus autem quibusdam et aut officiis debitis aut rerum necessitatibus saepe eveniet ut et voluptates repudiandae sint et molestiae non recusandae. Itaque earum rerum hic tenetur a sapiente delectus, ut aut reiciendis voluptatibus maiores alias consequatur aut perferendis doloribus asperiores repellat.\"</div>\n\";}', null, '26', null);
INSERT INTO `tbl_data` VALUES ('29', 'Vòng Quay May Mắn 2', 'vong-quay-may-man-2', 'a:4:{s:5:\"image\";s:30:\"/data/image/slider/slider1.jpg\";s:4:\"desc\";s:169:\"Lorem Ipsum has been the industry\'s standard dummy text ever since the 1500s, when an unknown printer took a galley of type and scrambled it to make a type specimen book\";s:5:\"thumb\";s:23:\"/data/image/img/103.jpg\";s:7:\"display\";s:2:\"12\";}', '2017-05-20 10:01:37', '2017-05-20 11:42:39', 'projects', '1', '14', '-1', 'a:1:{s:7:\"content\";s:3475:\"<div>The standard Lorem Ipsum passage, used since the 1500s</div>\n\n<div>\"Lorem ipsum dolor sit amet, consectetur adipiscing elit, sed do eiusmod tempor incididunt ut labore et dolore magna aliqua. Ut enim ad minim veniam, quis nostrud exercitation ullamco laboris nisi ut aliquip ex ea commodo consequat. Duis aute irure dolor in reprehenderit in voluptate velit esse cillum dolore eu fugiat nulla pariatur. Excepteur sint occaecat cupidatat non proident, sunt in culpa qui officia deserunt mollit anim id est laborum.\"</div>\n\n<div>Section 1.10.32 of \"de Finibus Bonorum et Malorum\", written by Cicero in 45 BC</div>\n\n<div>\"Sed ut perspiciatis unde omnis iste natus error sit voluptatem accusantium doloremque laudantium, totam rem aperiam, eaque ipsa quae ab illo inventore veritatis et quasi architecto beatae vitae dicta sunt explicabo. Nemo enim ipsam voluptatem quia voluptas sit aspernatur aut odit aut fugit, sed quia consequuntur magni dolores eos qui ratione voluptatem sequi nesciunt. Neque porro quisquam est, qui dolorem ipsum quia dolor sit amet, consectetur, adipisci velit, sed quia non numquam eius modi tempora incidunt ut labore et dolore magnam aliquam quaerat voluptatem. Ut enim ad minima veniam, quis nostrum exercitationem ullam corporis suscipit laboriosam, nisi ut aliquid ex ea commodi consequatur? Quis autem vel eum iure reprehenderit qui in ea voluptate velit esse quam nihil molestiae consequatur, vel illum qui dolorem eum fugiat quo voluptas nulla pariatur?\"</div>\n\n<div>1914 translation by H. Rackham</div>\n\n<div>\"But I must explain to you how all this mistaken idea of denouncing pleasure and praising pain was born and I will give you a complete account of the system, and expound the actual teachings of the great explorer of the truth, the master-builder of human happiness. No one rejects, dislikes, or avoids pleasure itself, because it is pleasure, but because those who do not know how to pursue pleasure rationally encounter consequences that are extremely painful. Nor again is there anyone who loves or pursues or desires to obtain pain of itself, because it is pain, but because occasionally circumstances occur in which toil and pain can procure him some great pleasure. To take a trivial example, which of us ever undertakes laborious physical exercise, except to obtain some advantage from it? But who has any right to find fault with a man who chooses to enjoy a pleasure that has no annoying consequences, or one who avoids a pain that produces no resultant pleasure?\"</div>\n\n<div>Section 1.10.33 of \"de Finibus Bonorum et Malorum\", written by Cicero in 45 BC</div>\n\n<div>\"At vero eos et accusamus et iusto odio dignissimos ducimus qui blanditiis praesentium voluptatum deleniti atque corrupti quos dolores et quas molestias excepturi sint occaecati cupiditate non provident, similique sunt in culpa qui officia deserunt mollitia animi, id est laborum et dolorum fuga. Et harum quidem rerum facilis est et expedita distinctio. Nam libero tempore, cum soluta nobis est eligendi optio cumque nihil impedit quo minus id quod maxime placeat facere possimus, omnis voluptas assumenda est, omnis dolor repellendus. Temporibus autem quibusdam et aut officiis debitis aut rerum necessitatibus saepe eveniet ut et voluptates repudiandae sint et molestiae non recusandae. Itaque earum rerum hic tenetur a sapiente delectus, ut aut reiciendis voluptatibus maiores alias consequatur aut perferendis doloribus asperiores repellat.\"</div>\n\";}', null, '27', null);
INSERT INTO `tbl_data` VALUES ('30', 'Vòng Quay May Mắn 3', 'vong-quay-may-man-3', 'a:4:{s:5:\"image\";s:23:\"/data/image/img/104.jpg\";s:4:\"desc\";s:169:\"Lorem Ipsum has been the industry\'s standard dummy text ever since the 1500s, when an unknown printer took a galley of type and scrambled it to make a type specimen book\";s:5:\"thumb\";s:22:\"/data/image/img/10.jpg\";s:7:\"display\";s:2:\"11\";}', '2017-05-20 10:01:41', '2017-05-20 11:41:16', 'projects', '1', '14', '-1', 'a:1:{s:7:\"content\";s:3475:\"<div>The standard Lorem Ipsum passage, used since the 1500s</div>\n\n<div>\"Lorem ipsum dolor sit amet, consectetur adipiscing elit, sed do eiusmod tempor incididunt ut labore et dolore magna aliqua. Ut enim ad minim veniam, quis nostrud exercitation ullamco laboris nisi ut aliquip ex ea commodo consequat. Duis aute irure dolor in reprehenderit in voluptate velit esse cillum dolore eu fugiat nulla pariatur. Excepteur sint occaecat cupidatat non proident, sunt in culpa qui officia deserunt mollit anim id est laborum.\"</div>\n\n<div>Section 1.10.32 of \"de Finibus Bonorum et Malorum\", written by Cicero in 45 BC</div>\n\n<div>\"Sed ut perspiciatis unde omnis iste natus error sit voluptatem accusantium doloremque laudantium, totam rem aperiam, eaque ipsa quae ab illo inventore veritatis et quasi architecto beatae vitae dicta sunt explicabo. Nemo enim ipsam voluptatem quia voluptas sit aspernatur aut odit aut fugit, sed quia consequuntur magni dolores eos qui ratione voluptatem sequi nesciunt. Neque porro quisquam est, qui dolorem ipsum quia dolor sit amet, consectetur, adipisci velit, sed quia non numquam eius modi tempora incidunt ut labore et dolore magnam aliquam quaerat voluptatem. Ut enim ad minima veniam, quis nostrum exercitationem ullam corporis suscipit laboriosam, nisi ut aliquid ex ea commodi consequatur? Quis autem vel eum iure reprehenderit qui in ea voluptate velit esse quam nihil molestiae consequatur, vel illum qui dolorem eum fugiat quo voluptas nulla pariatur?\"</div>\n\n<div>1914 translation by H. Rackham</div>\n\n<div>\"But I must explain to you how all this mistaken idea of denouncing pleasure and praising pain was born and I will give you a complete account of the system, and expound the actual teachings of the great explorer of the truth, the master-builder of human happiness. No one rejects, dislikes, or avoids pleasure itself, because it is pleasure, but because those who do not know how to pursue pleasure rationally encounter consequences that are extremely painful. Nor again is there anyone who loves or pursues or desires to obtain pain of itself, because it is pain, but because occasionally circumstances occur in which toil and pain can procure him some great pleasure. To take a trivial example, which of us ever undertakes laborious physical exercise, except to obtain some advantage from it? But who has any right to find fault with a man who chooses to enjoy a pleasure that has no annoying consequences, or one who avoids a pain that produces no resultant pleasure?\"</div>\n\n<div>Section 1.10.33 of \"de Finibus Bonorum et Malorum\", written by Cicero in 45 BC</div>\n\n<div>\"At vero eos et accusamus et iusto odio dignissimos ducimus qui blanditiis praesentium voluptatum deleniti atque corrupti quos dolores et quas molestias excepturi sint occaecati cupiditate non provident, similique sunt in culpa qui officia deserunt mollitia animi, id est laborum et dolorum fuga. Et harum quidem rerum facilis est et expedita distinctio. Nam libero tempore, cum soluta nobis est eligendi optio cumque nihil impedit quo minus id quod maxime placeat facere possimus, omnis voluptas assumenda est, omnis dolor repellendus. Temporibus autem quibusdam et aut officiis debitis aut rerum necessitatibus saepe eveniet ut et voluptates repudiandae sint et molestiae non recusandae. Itaque earum rerum hic tenetur a sapiente delectus, ut aut reiciendis voluptatibus maiores alias consequatur aut perferendis doloribus asperiores repellat.\"</div>\n\";}', null, '28', null);
INSERT INTO `tbl_data` VALUES ('31', 'Vòng Quay May Mắn 4', 'vong-quay-may-man-4', 'a:4:{s:7:\"display\";s:2:\"11\";s:5:\"thumb\";s:22:\"/data/image/img/11.jpg\";s:5:\"image\";s:23:\"/data/image/img/105.jpg\";s:4:\"desc\";s:169:\"Lorem Ipsum has been the industry\'s standard dummy text ever since the 1500s, when an unknown printer took a galley of type and scrambled it to make a type specimen book\";}', '2017-05-20 11:02:05', '2017-05-20 11:41:25', 'projects', '1', '15', '-1', 'a:1:{s:7:\"content\";s:3475:\"<div>The standard Lorem Ipsum passage, used since the 1500s</div>\n\n<div>\"Lorem ipsum dolor sit amet, consectetur adipiscing elit, sed do eiusmod tempor incididunt ut labore et dolore magna aliqua. Ut enim ad minim veniam, quis nostrud exercitation ullamco laboris nisi ut aliquip ex ea commodo consequat. Duis aute irure dolor in reprehenderit in voluptate velit esse cillum dolore eu fugiat nulla pariatur. Excepteur sint occaecat cupidatat non proident, sunt in culpa qui officia deserunt mollit anim id est laborum.\"</div>\n\n<div>Section 1.10.32 of \"de Finibus Bonorum et Malorum\", written by Cicero in 45 BC</div>\n\n<div>\"Sed ut perspiciatis unde omnis iste natus error sit voluptatem accusantium doloremque laudantium, totam rem aperiam, eaque ipsa quae ab illo inventore veritatis et quasi architecto beatae vitae dicta sunt explicabo. Nemo enim ipsam voluptatem quia voluptas sit aspernatur aut odit aut fugit, sed quia consequuntur magni dolores eos qui ratione voluptatem sequi nesciunt. Neque porro quisquam est, qui dolorem ipsum quia dolor sit amet, consectetur, adipisci velit, sed quia non numquam eius modi tempora incidunt ut labore et dolore magnam aliquam quaerat voluptatem. Ut enim ad minima veniam, quis nostrum exercitationem ullam corporis suscipit laboriosam, nisi ut aliquid ex ea commodi consequatur? Quis autem vel eum iure reprehenderit qui in ea voluptate velit esse quam nihil molestiae consequatur, vel illum qui dolorem eum fugiat quo voluptas nulla pariatur?\"</div>\n\n<div>1914 translation by H. Rackham</div>\n\n<div>\"But I must explain to you how all this mistaken idea of denouncing pleasure and praising pain was born and I will give you a complete account of the system, and expound the actual teachings of the great explorer of the truth, the master-builder of human happiness. No one rejects, dislikes, or avoids pleasure itself, because it is pleasure, but because those who do not know how to pursue pleasure rationally encounter consequences that are extremely painful. Nor again is there anyone who loves or pursues or desires to obtain pain of itself, because it is pain, but because occasionally circumstances occur in which toil and pain can procure him some great pleasure. To take a trivial example, which of us ever undertakes laborious physical exercise, except to obtain some advantage from it? But who has any right to find fault with a man who chooses to enjoy a pleasure that has no annoying consequences, or one who avoids a pain that produces no resultant pleasure?\"</div>\n\n<div>Section 1.10.33 of \"de Finibus Bonorum et Malorum\", written by Cicero in 45 BC</div>\n\n<div>\"At vero eos et accusamus et iusto odio dignissimos ducimus qui blanditiis praesentium voluptatum deleniti atque corrupti quos dolores et quas molestias excepturi sint occaecati cupiditate non provident, similique sunt in culpa qui officia deserunt mollitia animi, id est laborum et dolorum fuga. Et harum quidem rerum facilis est et expedita distinctio. Nam libero tempore, cum soluta nobis est eligendi optio cumque nihil impedit quo minus id quod maxime placeat facere possimus, omnis voluptas assumenda est, omnis dolor repellendus. Temporibus autem quibusdam et aut officiis debitis aut rerum necessitatibus saepe eveniet ut et voluptates repudiandae sint et molestiae non recusandae. Itaque earum rerum hic tenetur a sapiente delectus, ut aut reiciendis voluptatibus maiores alias consequatur aut perferendis doloribus asperiores repellat.\"</div>\n\";}', null, '29', null);
INSERT INTO `tbl_data` VALUES ('32', 'Vòng Quay May Mắn 5', 'vong-quay-may-man-5', 'a:4:{s:7:\"display\";s:2:\"11\";s:5:\"thumb\";s:22:\"/data/image/img/12.jpg\";s:5:\"image\";s:23:\"/data/image/img/106.jpg\";s:4:\"desc\";s:169:\"Lorem Ipsum has been the industry\'s standard dummy text ever since the 1500s, when an unknown printer took a galley of type and scrambled it to make a type specimen book\";}', '2017-05-20 11:02:51', '2017-05-20 11:41:33', 'projects', '1', '15', '-1', 'a:1:{s:7:\"content\";s:3475:\"<div>The standard Lorem Ipsum passage, used since the 1500s</div>\n\n<div>\"Lorem ipsum dolor sit amet, consectetur adipiscing elit, sed do eiusmod tempor incididunt ut labore et dolore magna aliqua. Ut enim ad minim veniam, quis nostrud exercitation ullamco laboris nisi ut aliquip ex ea commodo consequat. Duis aute irure dolor in reprehenderit in voluptate velit esse cillum dolore eu fugiat nulla pariatur. Excepteur sint occaecat cupidatat non proident, sunt in culpa qui officia deserunt mollit anim id est laborum.\"</div>\n\n<div>Section 1.10.32 of \"de Finibus Bonorum et Malorum\", written by Cicero in 45 BC</div>\n\n<div>\"Sed ut perspiciatis unde omnis iste natus error sit voluptatem accusantium doloremque laudantium, totam rem aperiam, eaque ipsa quae ab illo inventore veritatis et quasi architecto beatae vitae dicta sunt explicabo. Nemo enim ipsam voluptatem quia voluptas sit aspernatur aut odit aut fugit, sed quia consequuntur magni dolores eos qui ratione voluptatem sequi nesciunt. Neque porro quisquam est, qui dolorem ipsum quia dolor sit amet, consectetur, adipisci velit, sed quia non numquam eius modi tempora incidunt ut labore et dolore magnam aliquam quaerat voluptatem. Ut enim ad minima veniam, quis nostrum exercitationem ullam corporis suscipit laboriosam, nisi ut aliquid ex ea commodi consequatur? Quis autem vel eum iure reprehenderit qui in ea voluptate velit esse quam nihil molestiae consequatur, vel illum qui dolorem eum fugiat quo voluptas nulla pariatur?\"</div>\n\n<div>1914 translation by H. Rackham</div>\n\n<div>\"But I must explain to you how all this mistaken idea of denouncing pleasure and praising pain was born and I will give you a complete account of the system, and expound the actual teachings of the great explorer of the truth, the master-builder of human happiness. No one rejects, dislikes, or avoids pleasure itself, because it is pleasure, but because those who do not know how to pursue pleasure rationally encounter consequences that are extremely painful. Nor again is there anyone who loves or pursues or desires to obtain pain of itself, because it is pain, but because occasionally circumstances occur in which toil and pain can procure him some great pleasure. To take a trivial example, which of us ever undertakes laborious physical exercise, except to obtain some advantage from it? But who has any right to find fault with a man who chooses to enjoy a pleasure that has no annoying consequences, or one who avoids a pain that produces no resultant pleasure?\"</div>\n\n<div>Section 1.10.33 of \"de Finibus Bonorum et Malorum\", written by Cicero in 45 BC</div>\n\n<div>\"At vero eos et accusamus et iusto odio dignissimos ducimus qui blanditiis praesentium voluptatum deleniti atque corrupti quos dolores et quas molestias excepturi sint occaecati cupiditate non provident, similique sunt in culpa qui officia deserunt mollitia animi, id est laborum et dolorum fuga. Et harum quidem rerum facilis est et expedita distinctio. Nam libero tempore, cum soluta nobis est eligendi optio cumque nihil impedit quo minus id quod maxime placeat facere possimus, omnis voluptas assumenda est, omnis dolor repellendus. Temporibus autem quibusdam et aut officiis debitis aut rerum necessitatibus saepe eveniet ut et voluptates repudiandae sint et molestiae non recusandae. Itaque earum rerum hic tenetur a sapiente delectus, ut aut reiciendis voluptatibus maiores alias consequatur aut perferendis doloribus asperiores repellat.\"</div>\n\";}', null, '30', null);
INSERT INTO `tbl_data` VALUES ('33', 'Vòng Quay May Mắn 6', 'vong-quay-may-man-6', 'a:4:{s:7:\"display\";s:2:\"11\";s:5:\"thumb\";s:21:\"/data/image/img/3.jpg\";s:5:\"image\";s:23:\"/data/image/img/108.jpg\";s:4:\"desc\";s:169:\"Lorem Ipsum has been the industry\'s standard dummy text ever since the 1500s, when an unknown printer took a galley of type and scrambled it to make a type specimen book\";}', '2017-05-20 11:03:21', '2017-05-20 11:41:42', 'projects', '1', '15', '-1', 'a:1:{s:7:\"content\";s:3475:\"<div>The standard Lorem Ipsum passage, used since the 1500s</div>\n\n<div>\"Lorem ipsum dolor sit amet, consectetur adipiscing elit, sed do eiusmod tempor incididunt ut labore et dolore magna aliqua. Ut enim ad minim veniam, quis nostrud exercitation ullamco laboris nisi ut aliquip ex ea commodo consequat. Duis aute irure dolor in reprehenderit in voluptate velit esse cillum dolore eu fugiat nulla pariatur. Excepteur sint occaecat cupidatat non proident, sunt in culpa qui officia deserunt mollit anim id est laborum.\"</div>\n\n<div>Section 1.10.32 of \"de Finibus Bonorum et Malorum\", written by Cicero in 45 BC</div>\n\n<div>\"Sed ut perspiciatis unde omnis iste natus error sit voluptatem accusantium doloremque laudantium, totam rem aperiam, eaque ipsa quae ab illo inventore veritatis et quasi architecto beatae vitae dicta sunt explicabo. Nemo enim ipsam voluptatem quia voluptas sit aspernatur aut odit aut fugit, sed quia consequuntur magni dolores eos qui ratione voluptatem sequi nesciunt. Neque porro quisquam est, qui dolorem ipsum quia dolor sit amet, consectetur, adipisci velit, sed quia non numquam eius modi tempora incidunt ut labore et dolore magnam aliquam quaerat voluptatem. Ut enim ad minima veniam, quis nostrum exercitationem ullam corporis suscipit laboriosam, nisi ut aliquid ex ea commodi consequatur? Quis autem vel eum iure reprehenderit qui in ea voluptate velit esse quam nihil molestiae consequatur, vel illum qui dolorem eum fugiat quo voluptas nulla pariatur?\"</div>\n\n<div>1914 translation by H. Rackham</div>\n\n<div>\"But I must explain to you how all this mistaken idea of denouncing pleasure and praising pain was born and I will give you a complete account of the system, and expound the actual teachings of the great explorer of the truth, the master-builder of human happiness. No one rejects, dislikes, or avoids pleasure itself, because it is pleasure, but because those who do not know how to pursue pleasure rationally encounter consequences that are extremely painful. Nor again is there anyone who loves or pursues or desires to obtain pain of itself, because it is pain, but because occasionally circumstances occur in which toil and pain can procure him some great pleasure. To take a trivial example, which of us ever undertakes laborious physical exercise, except to obtain some advantage from it? But who has any right to find fault with a man who chooses to enjoy a pleasure that has no annoying consequences, or one who avoids a pain that produces no resultant pleasure?\"</div>\n\n<div>Section 1.10.33 of \"de Finibus Bonorum et Malorum\", written by Cicero in 45 BC</div>\n\n<div>\"At vero eos et accusamus et iusto odio dignissimos ducimus qui blanditiis praesentium voluptatum deleniti atque corrupti quos dolores et quas molestias excepturi sint occaecati cupiditate non provident, similique sunt in culpa qui officia deserunt mollitia animi, id est laborum et dolorum fuga. Et harum quidem rerum facilis est et expedita distinctio. Nam libero tempore, cum soluta nobis est eligendi optio cumque nihil impedit quo minus id quod maxime placeat facere possimus, omnis voluptas assumenda est, omnis dolor repellendus. Temporibus autem quibusdam et aut officiis debitis aut rerum necessitatibus saepe eveniet ut et voluptates repudiandae sint et molestiae non recusandae. Itaque earum rerum hic tenetur a sapiente delectus, ut aut reiciendis voluptatibus maiores alias consequatur aut perferendis doloribus asperiores repellat.\"</div>\n\";}', null, '31', null);
INSERT INTO `tbl_data` VALUES ('34', 'Vòng Quay May Mắn 7', 'vong-quay-may-man-7', 'a:4:{s:7:\"display\";s:2:\"11\";s:5:\"thumb\";s:21:\"/data/image/img/4.jpg\";s:5:\"image\";s:26:\"/data/image/img/design.jpg\";s:4:\"desc\";s:169:\"Lorem Ipsum has been the industry\'s standard dummy text ever since the 1500s, when an unknown printer took a galley of type and scrambled it to make a type specimen book\";}', '2017-05-20 11:04:04', '2017-05-20 11:41:56', 'projects', '1', '15', '-1', 'a:1:{s:7:\"content\";s:3475:\"<div>The standard Lorem Ipsum passage, used since the 1500s</div>\n\n<div>\"Lorem ipsum dolor sit amet, consectetur adipiscing elit, sed do eiusmod tempor incididunt ut labore et dolore magna aliqua. Ut enim ad minim veniam, quis nostrud exercitation ullamco laboris nisi ut aliquip ex ea commodo consequat. Duis aute irure dolor in reprehenderit in voluptate velit esse cillum dolore eu fugiat nulla pariatur. Excepteur sint occaecat cupidatat non proident, sunt in culpa qui officia deserunt mollit anim id est laborum.\"</div>\n\n<div>Section 1.10.32 of \"de Finibus Bonorum et Malorum\", written by Cicero in 45 BC</div>\n\n<div>\"Sed ut perspiciatis unde omnis iste natus error sit voluptatem accusantium doloremque laudantium, totam rem aperiam, eaque ipsa quae ab illo inventore veritatis et quasi architecto beatae vitae dicta sunt explicabo. Nemo enim ipsam voluptatem quia voluptas sit aspernatur aut odit aut fugit, sed quia consequuntur magni dolores eos qui ratione voluptatem sequi nesciunt. Neque porro quisquam est, qui dolorem ipsum quia dolor sit amet, consectetur, adipisci velit, sed quia non numquam eius modi tempora incidunt ut labore et dolore magnam aliquam quaerat voluptatem. Ut enim ad minima veniam, quis nostrum exercitationem ullam corporis suscipit laboriosam, nisi ut aliquid ex ea commodi consequatur? Quis autem vel eum iure reprehenderit qui in ea voluptate velit esse quam nihil molestiae consequatur, vel illum qui dolorem eum fugiat quo voluptas nulla pariatur?\"</div>\n\n<div>1914 translation by H. Rackham</div>\n\n<div>\"But I must explain to you how all this mistaken idea of denouncing pleasure and praising pain was born and I will give you a complete account of the system, and expound the actual teachings of the great explorer of the truth, the master-builder of human happiness. No one rejects, dislikes, or avoids pleasure itself, because it is pleasure, but because those who do not know how to pursue pleasure rationally encounter consequences that are extremely painful. Nor again is there anyone who loves or pursues or desires to obtain pain of itself, because it is pain, but because occasionally circumstances occur in which toil and pain can procure him some great pleasure. To take a trivial example, which of us ever undertakes laborious physical exercise, except to obtain some advantage from it? But who has any right to find fault with a man who chooses to enjoy a pleasure that has no annoying consequences, or one who avoids a pain that produces no resultant pleasure?\"</div>\n\n<div>Section 1.10.33 of \"de Finibus Bonorum et Malorum\", written by Cicero in 45 BC</div>\n\n<div>\"At vero eos et accusamus et iusto odio dignissimos ducimus qui blanditiis praesentium voluptatum deleniti atque corrupti quos dolores et quas molestias excepturi sint occaecati cupiditate non provident, similique sunt in culpa qui officia deserunt mollitia animi, id est laborum et dolorum fuga. Et harum quidem rerum facilis est et expedita distinctio. Nam libero tempore, cum soluta nobis est eligendi optio cumque nihil impedit quo minus id quod maxime placeat facere possimus, omnis voluptas assumenda est, omnis dolor repellendus. Temporibus autem quibusdam et aut officiis debitis aut rerum necessitatibus saepe eveniet ut et voluptates repudiandae sint et molestiae non recusandae. Itaque earum rerum hic tenetur a sapiente delectus, ut aut reiciendis voluptatibus maiores alias consequatur aut perferendis doloribus asperiores repellat.\"</div>\n\";}', null, '32', null);
INSERT INTO `tbl_data` VALUES ('35', 'Lorem Ipsum is simply dummy text', 'lorem-ipsum-is-simply-dummy-text', 'a:4:{s:5:\"image\";s:23:\"/data/image/img/101.jpg\";s:5:\"cover\";s:23:\"/data/image/img/102.jpg\";s:4:\"desc\";s:304:\"It is a long established fact that a reader will be distracted by the readable content of a page when looking at its layout. The point of using Lorem Ipsum is that it has a more-or-less normal distribution of letters, as opposed to using \'Content here, content here\', making it look like readable English\";s:3:\"tag\";s:70:\"Villas, Vietnam ,Saigon, HCMC, Unfinished, Property Investment ,Return\";}', '2017-05-20 23:02:15', '2017-05-21 19:58:12', 'news-blogs', '1', '14', '-1', 'a:1:{s:7:\"content\";s:2358:\"<div>Lorem Ipsum is simply dummy text of the printing and typesetting industry. Lorem Ipsum has been the industry\'s standard dummy text ever since the 1500s, when an unknown printer took a galley of type and scrambled it to make a type specimen book. It has survived not only five centuries, but also the leap into electronic typesetting, remaining essentially unchanged. It was popularised in the 1960s with the release of Letraset sheets containing Lorem Ipsum passages, and more recently with desktop publishing software like Aldus PageMaker including versions of Lorem Ipsum.</div>\n\n<div>Why do we use it?<br />\nIt is a long established fact that a reader will be distracted by the readable content of a page when looking at its layout. The point of using Lorem Ipsum is that it has a more-or-less normal distribution of letters, as opposed to using \'Content here, content here\', making it look like readable English. Many desktop publishing packages and web page editors now use Lorem Ipsum as their default model text, and a search for \'lorem ipsum\' will uncover many web sites still in their infancy. Various versions have evolved over the years, sometimes by accident, sometimes on purpose (injected humour and the like).</div>\n\n<div><br />\nWhere does it come from?<br />\nContrary to popular belief, Lorem Ipsum is not simply random text. It has roots in a piece of classical Latin literature from 45 BC, making it over 2000 years old. Richard McClintock, a Latin professor at Hampden-Sydney College in Virginia, looked up one of the more obscure Latin words, consectetur, from a Lorem Ipsum passage, and going through the cites of the word in classical literature, discovered the undoubtable source. Lorem Ipsum comes from sections 1.10.32 and 1.10.33 of \"de Finibus Bonorum et Malorum\" (The Extremes of Good and Evil) by Cicero, written in 45 BC. This book is a treatise on the theory of ethics, very popular during the Renaissance. The first line of Lorem Ipsum, \"Lorem ipsum dolor sit amet..\", comes from a line in section 1.10.32.</div>\n\n<div>The standard chunk of Lorem Ipsum used since the 1500s is reproduced below for those interested. Sections 1.10.32 and 1.10.33 from \"de Finibus Bonorum et Malorum\" by Cicero are also reproduced in their exact original form, accompanied by English versions from the 1914 translation by H. Rackham.</div>\n\";}', null, '33', '10001');
INSERT INTO `tbl_data` VALUES ('36', 'Lorem Ipsum is simply dummy text2', 'lorem-ipsum-is-simply-dummy-text2', 'a:3:{s:5:\"image\";s:23:\"/data/image/img/101.jpg\";s:5:\"cover\";s:23:\"/data/image/img/102.jpg\";s:4:\"desc\";s:304:\"It is a long established fact that a reader will be distracted by the readable content of a page when looking at its layout. The point of using Lorem Ipsum is that it has a more-or-less normal distribution of letters, as opposed to using \'Content here, content here\', making it look like readable English\";}', '2017-05-20 23:02:24', '2017-05-21 13:10:07', 'news-blogs', '1', '14', '-1', 'a:1:{s:7:\"content\";s:2358:\"<div>Lorem Ipsum is simply dummy text of the printing and typesetting industry. Lorem Ipsum has been the industry\'s standard dummy text ever since the 1500s, when an unknown printer took a galley of type and scrambled it to make a type specimen book. It has survived not only five centuries, but also the leap into electronic typesetting, remaining essentially unchanged. It was popularised in the 1960s with the release of Letraset sheets containing Lorem Ipsum passages, and more recently with desktop publishing software like Aldus PageMaker including versions of Lorem Ipsum.</div>\n\n<div>Why do we use it?<br />\nIt is a long established fact that a reader will be distracted by the readable content of a page when looking at its layout. The point of using Lorem Ipsum is that it has a more-or-less normal distribution of letters, as opposed to using \'Content here, content here\', making it look like readable English. Many desktop publishing packages and web page editors now use Lorem Ipsum as their default model text, and a search for \'lorem ipsum\' will uncover many web sites still in their infancy. Various versions have evolved over the years, sometimes by accident, sometimes on purpose (injected humour and the like).</div>\n\n<div><br />\nWhere does it come from?<br />\nContrary to popular belief, Lorem Ipsum is not simply random text. It has roots in a piece of classical Latin literature from 45 BC, making it over 2000 years old. Richard McClintock, a Latin professor at Hampden-Sydney College in Virginia, looked up one of the more obscure Latin words, consectetur, from a Lorem Ipsum passage, and going through the cites of the word in classical literature, discovered the undoubtable source. Lorem Ipsum comes from sections 1.10.32 and 1.10.33 of \"de Finibus Bonorum et Malorum\" (The Extremes of Good and Evil) by Cicero, written in 45 BC. This book is a treatise on the theory of ethics, very popular during the Renaissance. The first line of Lorem Ipsum, \"Lorem ipsum dolor sit amet..\", comes from a line in section 1.10.32.</div>\n\n<div>The standard chunk of Lorem Ipsum used since the 1500s is reproduced below for those interested. Sections 1.10.32 and 1.10.33 from \"de Finibus Bonorum et Malorum\" by Cicero are also reproduced in their exact original form, accompanied by English versions from the 1914 translation by H. Rackham.</div>\n\";}', null, '34', '10001');
INSERT INTO `tbl_data` VALUES ('37', 'Lorem Ipsum is simply dummy text3', 'lorem-ipsum-is-simply-dummy-text3', 'a:3:{s:5:\"image\";s:23:\"/data/image/img/101.jpg\";s:5:\"cover\";s:23:\"/data/image/img/102.jpg\";s:4:\"desc\";s:304:\"It is a long established fact that a reader will be distracted by the readable content of a page when looking at its layout. The point of using Lorem Ipsum is that it has a more-or-less normal distribution of letters, as opposed to using \'Content here, content here\', making it look like readable English\";}', '2017-05-20 23:02:39', '2017-05-21 13:10:10', 'news-blogs', '1', '14', '-1', 'a:1:{s:7:\"content\";s:2358:\"<div>Lorem Ipsum is simply dummy text of the printing and typesetting industry. Lorem Ipsum has been the industry\'s standard dummy text ever since the 1500s, when an unknown printer took a galley of type and scrambled it to make a type specimen book. It has survived not only five centuries, but also the leap into electronic typesetting, remaining essentially unchanged. It was popularised in the 1960s with the release of Letraset sheets containing Lorem Ipsum passages, and more recently with desktop publishing software like Aldus PageMaker including versions of Lorem Ipsum.</div>\n\n<div>Why do we use it?<br />\nIt is a long established fact that a reader will be distracted by the readable content of a page when looking at its layout. The point of using Lorem Ipsum is that it has a more-or-less normal distribution of letters, as opposed to using \'Content here, content here\', making it look like readable English. Many desktop publishing packages and web page editors now use Lorem Ipsum as their default model text, and a search for \'lorem ipsum\' will uncover many web sites still in their infancy. Various versions have evolved over the years, sometimes by accident, sometimes on purpose (injected humour and the like).</div>\n\n<div><br />\nWhere does it come from?<br />\nContrary to popular belief, Lorem Ipsum is not simply random text. It has roots in a piece of classical Latin literature from 45 BC, making it over 2000 years old. Richard McClintock, a Latin professor at Hampden-Sydney College in Virginia, looked up one of the more obscure Latin words, consectetur, from a Lorem Ipsum passage, and going through the cites of the word in classical literature, discovered the undoubtable source. Lorem Ipsum comes from sections 1.10.32 and 1.10.33 of \"de Finibus Bonorum et Malorum\" (The Extremes of Good and Evil) by Cicero, written in 45 BC. This book is a treatise on the theory of ethics, very popular during the Renaissance. The first line of Lorem Ipsum, \"Lorem ipsum dolor sit amet..\", comes from a line in section 1.10.32.</div>\n\n<div>The standard chunk of Lorem Ipsum used since the 1500s is reproduced below for those interested. Sections 1.10.32 and 1.10.33 from \"de Finibus Bonorum et Malorum\" by Cicero are also reproduced in their exact original form, accompanied by English versions from the 1914 translation by H. Rackham.</div>\n\";}', null, '35', '10001');
INSERT INTO `tbl_data` VALUES ('38', 'Lorem Ipsum is simply dummy text4', 'lorem-ipsum-is-simply-dummy-text4', 'a:3:{s:5:\"image\";s:23:\"/data/image/img/101.jpg\";s:5:\"cover\";s:23:\"/data/image/img/102.jpg\";s:4:\"desc\";s:304:\"It is a long established fact that a reader will be distracted by the readable content of a page when looking at its layout. The point of using Lorem Ipsum is that it has a more-or-less normal distribution of letters, as opposed to using \'Content here, content here\', making it look like readable English\";}', '2017-05-20 23:02:50', '2017-05-21 13:10:13', 'news-blogs', '1', '14', '-1', 'a:1:{s:7:\"content\";s:2358:\"<div>Lorem Ipsum is simply dummy text of the printing and typesetting industry. Lorem Ipsum has been the industry\'s standard dummy text ever since the 1500s, when an unknown printer took a galley of type and scrambled it to make a type specimen book. It has survived not only five centuries, but also the leap into electronic typesetting, remaining essentially unchanged. It was popularised in the 1960s with the release of Letraset sheets containing Lorem Ipsum passages, and more recently with desktop publishing software like Aldus PageMaker including versions of Lorem Ipsum.</div>\n\n<div>Why do we use it?<br />\nIt is a long established fact that a reader will be distracted by the readable content of a page when looking at its layout. The point of using Lorem Ipsum is that it has a more-or-less normal distribution of letters, as opposed to using \'Content here, content here\', making it look like readable English. Many desktop publishing packages and web page editors now use Lorem Ipsum as their default model text, and a search for \'lorem ipsum\' will uncover many web sites still in their infancy. Various versions have evolved over the years, sometimes by accident, sometimes on purpose (injected humour and the like).</div>\n\n<div><br />\nWhere does it come from?<br />\nContrary to popular belief, Lorem Ipsum is not simply random text. It has roots in a piece of classical Latin literature from 45 BC, making it over 2000 years old. Richard McClintock, a Latin professor at Hampden-Sydney College in Virginia, looked up one of the more obscure Latin words, consectetur, from a Lorem Ipsum passage, and going through the cites of the word in classical literature, discovered the undoubtable source. Lorem Ipsum comes from sections 1.10.32 and 1.10.33 of \"de Finibus Bonorum et Malorum\" (The Extremes of Good and Evil) by Cicero, written in 45 BC. This book is a treatise on the theory of ethics, very popular during the Renaissance. The first line of Lorem Ipsum, \"Lorem ipsum dolor sit amet..\", comes from a line in section 1.10.32.</div>\n\n<div>The standard chunk of Lorem Ipsum used since the 1500s is reproduced below for those interested. Sections 1.10.32 and 1.10.33 from \"de Finibus Bonorum et Malorum\" by Cicero are also reproduced in their exact original form, accompanied by English versions from the 1914 translation by H. Rackham.</div>\n\";}', null, '36', '10001');
INSERT INTO `tbl_data` VALUES ('39', 'Mobile Development', 'mobile-development', null, '2017-05-22 14:15:21', null, 'recruitment', '1', '-1', '-1', 'a:1:{s:7:\"content\";s:1408:\"<div class=\"desc pull-top pull-bottom\">Role Sumary<br />\nAnim pariatur cliche reprehenderit, enim eiusmod high life accusamus terry richardson ad squid. 3 wolf moon officia aute, non cupidatat skateboard dolor brunch. Food truck quinoa nesciunt laborum eiusmod. Brunch 3 wolf moon tempor, sunt aliqua put a bird on it squid single-origin coffee nulla assumenda shoreditch et. Nihil anim keffiyeh helvetica, craft beer labore wes anderson cred nesciunt sapiente ea proident. Ad vegan excepteur butcher vice lomo. Leggings occaecat craft beer farm-to-table, raw denim aesthetic synth nesciunt you probably haven&#39;t heard of them accusamus labore sustainable VHS.</div>\n\n<div class=\"desc pull-top pull-bottom\">Responsibility<br />\nAnim pariatur cliche reprehenderit, enim eiusmod high life accusamus terry richardson ad squid.</div>\n\n<ul>\n	<li>Ipsum is simply dummy text</li>\n	<li>Ipsum is simply dummy text</li>\n	<li>Ipsum is simply dummy text</li>\n</ul>\n\n<div class=\"desc pull-top pull-bottom\">General Detail</div>\n\n<table class=\"table table-bordered table-hover table-striped\">\n	<tbody>\n		<tr>\n			<td>Ipsum is simply</td>\n			<td>Ipsum is simply</td>\n		</tr>\n		<tr>\n			<td>Department</td>\n			<td>IT Sortware</td>\n		</tr>\n		<tr>\n			<td>Experiences Yrs</td>\n			<td>1+</td>\n		</tr>\n		<tr>\n			<td>Location</td>\n			<td>Viet Nam</td>\n		</tr>\n		<tr>\n			<td>Salary</td>\n			<td>900$</td>\n		</tr>\n	</tbody>\n</table>\n\";}', null, '37', '10001');
INSERT INTO `tbl_data` VALUES ('40', 'Deign Front-End', 'deign-front-end', null, '2017-05-22 14:15:38', null, 'recruitment', '1', '-1', '-1', 'a:1:{s:7:\"content\";s:1408:\"<div class=\"desc pull-top pull-bottom\">Role Sumary<br />\nAnim pariatur cliche reprehenderit, enim eiusmod high life accusamus terry richardson ad squid. 3 wolf moon officia aute, non cupidatat skateboard dolor brunch. Food truck quinoa nesciunt laborum eiusmod. Brunch 3 wolf moon tempor, sunt aliqua put a bird on it squid single-origin coffee nulla assumenda shoreditch et. Nihil anim keffiyeh helvetica, craft beer labore wes anderson cred nesciunt sapiente ea proident. Ad vegan excepteur butcher vice lomo. Leggings occaecat craft beer farm-to-table, raw denim aesthetic synth nesciunt you probably haven&#39;t heard of them accusamus labore sustainable VHS.</div>\n\n<div class=\"desc pull-top pull-bottom\">Responsibility<br />\nAnim pariatur cliche reprehenderit, enim eiusmod high life accusamus terry richardson ad squid.</div>\n\n<ul>\n	<li>Ipsum is simply dummy text</li>\n	<li>Ipsum is simply dummy text</li>\n	<li>Ipsum is simply dummy text</li>\n</ul>\n\n<div class=\"desc pull-top pull-bottom\">General Detail</div>\n\n<table class=\"table table-bordered table-hover table-striped\">\n	<tbody>\n		<tr>\n			<td>Ipsum is simply</td>\n			<td>Ipsum is simply</td>\n		</tr>\n		<tr>\n			<td>Department</td>\n			<td>IT Sortware</td>\n		</tr>\n		<tr>\n			<td>Experiences Yrs</td>\n			<td>1+</td>\n		</tr>\n		<tr>\n			<td>Location</td>\n			<td>Viet Nam</td>\n		</tr>\n		<tr>\n			<td>Salary</td>\n			<td>900$</td>\n		</tr>\n	</tbody>\n</table>\n\";}', null, '38', '10001');

-- ----------------------------
-- Table structure for tbl_module
-- ----------------------------
DROP TABLE IF EXISTS `tbl_module`;
CREATE TABLE `tbl_module` (
  `id` int(11) NOT NULL AUTO_INCREMENT,
  `title` varchar(255) DEFAULT NULL,
  `alias` varchar(255) DEFAULT NULL,
  `data` longtext,
  `created` datetime DEFAULT NULL,
  `modified` datetime DEFAULT NULL,
  `type` varchar(255) DEFAULT NULL,
  `status` int(1) DEFAULT '0',
  `category` int(11) DEFAULT '-1',
  `sorting` int(11) DEFAULT NULL,
  PRIMARY KEY (`id`)
) ENGINE=MyISAM AUTO_INCREMENT=23 DEFAULT CHARSET=utf8;

-- ----------------------------
-- Records of tbl_module
-- ----------------------------
INSERT INTO `tbl_module` VALUES ('2', 'News & Blogs', 'news-blogs', 'a:12:{s:4:\"site\";s:23:\"Creative Designs Studio\";s:4:\"size\";s:0:\"\";s:7:\"storage\";s:8:\"tbl_data\";s:3:\"add\";s:4:\"true\";s:4:\"edit\";s:4:\"true\";s:6:\"delete\";s:4:\"true\";s:6:\"unique\";s:4:\"true\";s:4:\"type\";s:4:\"news\";s:8:\"catetype\";s:4:\"news\";s:10:\"cateviewer\";s:4:\"list\";s:7:\"columns\";a:10:{i:0;a:7:{s:4:\"type\";s:4:\"text\";s:3:\"col\";s:2:\"12\";s:4:\"name\";s:6:\"text02\";s:5:\"title\";s:7:\"Text 02\";s:6:\"client\";s:18:\"validate[required]\";s:6:\"server\";s:8:\"required\";s:3:\"biz\";s:1:\"0\";}i:1;a:7:{s:4:\"type\";s:4:\"html\";s:3:\"col\";s:2:\"12\";s:4:\"name\";s:6:\"html03\";s:5:\"title\";s:7:\"HTML 03\";s:6:\"client\";s:18:\"validate[required]\";s:6:\"server\";s:8:\"required\";s:3:\"biz\";s:1:\"0\";}i:2;a:7:{s:4:\"type\";s:6:\"string\";s:3:\"col\";s:1:\"6\";s:4:\"name\";s:8:\"field_01\";s:5:\"title\";s:9:\"String 01\";s:6:\"client\";s:18:\"validate[required]\";s:6:\"server\";s:8:\"required\";s:3:\"biz\";s:1:\"0\";}i:3;a:7:{s:4:\"type\";s:5:\"image\";s:3:\"col\";s:1:\"6\";s:4:\"name\";s:8:\"field_04\";s:5:\"title\";s:8:\"Image 04\";s:6:\"client\";s:18:\"validate[required]\";s:6:\"server\";s:8:\"required\";s:3:\"biz\";s:1:\"0\";}i:4;a:8:{s:4:\"type\";s:5:\"radio\";s:3:\"col\";s:1:\"6\";s:4:\"name\";s:8:\"field_05\";s:5:\"title\";s:8:\"Radio 05\";s:6:\"client\";s:18:\"validate[required]\";s:6:\"server\";s:8:\"required\";s:3:\"biz\";s:1:\"0\";s:4:\"data\";a:2:{i:0;a:2:{s:7:\"display\";s:4:\"F051\";s:5:\"value\";s:9:\"field_051\";}i:1;a:2:{s:7:\"display\";s:4:\"F052\";s:5:\"value\";s:9:\"field_052\";}}}i:5;a:7:{s:4:\"type\";s:8:\"checkbox\";s:3:\"col\";s:1:\"6\";s:4:\"name\";s:8:\"field_06\";s:5:\"title\";s:11:\"Checkbox 06\";s:6:\"client\";s:0:\"\";s:6:\"server\";s:0:\"\";s:3:\"biz\";s:1:\"0\";}i:6;a:8:{s:4:\"type\";s:8:\"dropdown\";s:3:\"col\";s:1:\"6\";s:4:\"name\";s:8:\"field_08\";s:5:\"title\";s:11:\"Dropdown 08\";s:6:\"client\";s:18:\"validate[required]\";s:6:\"server\";s:8:\"required\";s:3:\"biz\";s:1:\"0\";s:4:\"data\";a:2:{i:0;a:2:{s:7:\"display\";s:4:\"F081\";s:5:\"value\";s:4:\"f081\";}i:1;a:2:{s:7:\"display\";s:4:\"F082\";s:5:\"value\";s:4:\"f082\";}}}i:7;a:8:{s:4:\"type\";s:13:\"multidropdown\";s:3:\"col\";s:1:\"6\";s:4:\"name\";s:8:\"field_07\";s:5:\"title\";s:17:\"Multi Dropdown 07\";s:6:\"client\";s:18:\"validate[required]\";s:6:\"server\";s:8:\"required\";s:3:\"biz\";s:1:\"0\";s:4:\"data\";a:2:{i:0;a:2:{s:7:\"display\";s:4:\"F071\";s:5:\"value\";s:4:\"f071\";}i:1;a:2:{s:7:\"display\";s:4:\"F072\";s:5:\"value\";s:4:\"f072\";}}}i:8;a:7:{s:4:\"type\";s:4:\"list\";s:3:\"col\";s:2:\"12\";s:3:\"biz\";s:1:\"1\";s:4:\"name\";s:8:\"field_10\";s:5:\"title\";s:7:\"List 10\";s:6:\"server\";s:0:\"\";s:3:\"sid\";s:1:\"6\";}i:9;a:7:{s:4:\"type\";s:4:\"grid\";s:3:\"col\";s:2:\"12\";s:3:\"biz\";s:1:\"1\";s:4:\"name\";s:4:\"0002\";s:5:\"title\";s:7:\"Grid 09\";s:6:\"server\";s:0:\"\";s:3:\"sid\";s:1:\"6\";}}s:9:\"showthumb\";s:5:\"false\";}', '2017-05-02 18:02:41', '2017-05-16 10:55:50', null, '0', '-1', null);
INSERT INTO `tbl_module` VALUES ('4', 'Dashboard Menu', 'dashboard-menu', 'a:9:{s:7:\"storage\";s:8:\"tbl_data\";s:4:\"size\";s:3:\"320\";s:3:\"add\";s:4:\"true\";s:4:\"edit\";s:4:\"true\";s:6:\"delete\";s:4:\"true\";s:4:\"type\";s:9:\"dashboard\";s:8:\"catetype\";s:9:\"dashboard\";s:10:\"cateviewer\";s:4:\"tree\";s:7:\"columns\";a:2:{i:0;a:6:{s:4:\"name\";s:4:\"link\";s:5:\"title\";s:4:\"Link\";s:4:\"type\";s:6:\"string\";s:3:\"col\";s:2:\"12\";s:6:\"client\";s:0:\"\";s:6:\"server\";s:0:\"\";}i:1;a:6:{s:4:\"name\";s:4:\"icon\";s:5:\"title\";s:4:\"Icon\";s:4:\"type\";s:6:\"string\";s:3:\"col\";s:2:\"12\";s:6:\"client\";s:0:\"\";s:6:\"server\";s:0:\"\";}}}', '2017-05-02 21:33:34', '2017-05-03 16:54:04', null, '0', '-1', null);
INSERT INTO `tbl_module` VALUES ('5', 'News Category', 'news-category', 'a:12:{s:4:\"site\";s:23:\"Creative Designs Studio\";s:4:\"size\";s:3:\"320\";s:7:\"storage\";s:8:\"tbl_data\";s:3:\"add\";s:4:\"true\";s:4:\"edit\";s:4:\"true\";s:6:\"delete\";s:4:\"true\";s:4:\"type\";s:4:\"news\";s:8:\"catetype\";s:4:\"news\";s:10:\"cateviewer\";s:4:\"list\";s:7:\"columns\";a:2:{i:0;a:6:{s:4:\"name\";s:4:\"link\";s:5:\"title\";s:4:\"Link\";s:4:\"type\";s:6:\"string\";s:3:\"col\";s:2:\"12\";s:6:\"client\";s:0:\"\";s:6:\"server\";s:0:\"\";}i:1;a:6:{s:4:\"name\";s:4:\"icon\";s:5:\"title\";s:4:\"Icon\";s:4:\"type\";s:6:\"string\";s:3:\"col\";s:2:\"12\";s:6:\"client\";s:0:\"\";s:6:\"server\";s:0:\"\";}}s:6:\"unique\";s:5:\"false\";s:9:\"showthumb\";s:5:\"false\";}', '2017-05-03 16:45:55', '2017-05-16 10:50:02', null, '0', '-1', null);
INSERT INTO `tbl_module` VALUES ('6', 'Image', 'image', 'a:9:{s:7:\"storage\";s:8:\"tbl_data\";s:4:\"size\";s:3:\"320\";s:3:\"add\";s:4:\"true\";s:4:\"edit\";s:4:\"true\";s:6:\"delete\";s:4:\"true\";s:4:\"type\";s:5:\"image\";s:8:\"catetype\";s:0:\"\";s:10:\"cateviewer\";s:4:\"list\";s:7:\"columns\";a:1:{i:0;a:7:{s:4:\"type\";s:5:\"image\";s:3:\"col\";s:2:\"12\";s:4:\"name\";s:5:\"image\";s:5:\"title\";s:5:\"Image\";s:6:\"client\";s:0:\"\";s:6:\"server\";s:0:\"\";s:3:\"biz\";s:1:\"0\";}}}', '2017-05-06 13:44:52', '2017-05-07 20:44:29', null, '0', '-1', null);
INSERT INTO `tbl_module` VALUES ('7', 'News & Blogs(copy)', 'news-blogscopy', 'a:10:{s:7:\"storage\";s:8:\"tbl_data\";s:4:\"size\";s:0:\"\";s:3:\"add\";s:4:\"true\";s:4:\"edit\";s:4:\"true\";s:6:\"delete\";s:4:\"true\";s:4:\"type\";s:4:\"news\";s:8:\"catetype\";s:0:\"\";s:10:\"cateviewer\";s:4:\"list\";s:7:\"columns\";a:10:{i:0;a:7:{s:4:\"type\";s:4:\"text\";s:3:\"col\";s:2:\"12\";s:4:\"name\";s:6:\"text02\";s:5:\"title\";s:7:\"Text 02\";s:6:\"client\";s:18:\"validate[required]\";s:6:\"server\";s:8:\"required\";s:3:\"biz\";s:1:\"0\";}i:1;a:7:{s:4:\"type\";s:4:\"html\";s:3:\"col\";s:2:\"12\";s:4:\"name\";s:6:\"html03\";s:5:\"title\";s:7:\"HTML 03\";s:6:\"client\";s:18:\"validate[required]\";s:6:\"server\";s:8:\"required\";s:3:\"biz\";s:1:\"0\";}i:2;a:7:{s:4:\"type\";s:6:\"string\";s:3:\"col\";s:1:\"6\";s:4:\"name\";s:8:\"field_01\";s:5:\"title\";s:9:\"String 01\";s:6:\"client\";s:18:\"validate[required]\";s:6:\"server\";s:8:\"required\";s:3:\"biz\";s:1:\"0\";}i:3;a:7:{s:4:\"type\";s:5:\"image\";s:3:\"col\";s:1:\"6\";s:4:\"name\";s:8:\"field_04\";s:5:\"title\";s:8:\"Image 04\";s:6:\"client\";s:18:\"validate[required]\";s:6:\"server\";s:8:\"required\";s:3:\"biz\";s:1:\"0\";}i:4;a:8:{s:4:\"type\";s:5:\"radio\";s:3:\"col\";s:1:\"6\";s:4:\"name\";s:8:\"field_05\";s:5:\"title\";s:8:\"Radio 05\";s:6:\"client\";s:18:\"validate[required]\";s:6:\"server\";s:8:\"required\";s:3:\"biz\";s:1:\"0\";s:4:\"data\";a:2:{i:0;a:2:{s:7:\"display\";s:4:\"F051\";s:5:\"value\";s:9:\"field_051\";}i:1;a:2:{s:7:\"display\";s:4:\"F052\";s:5:\"value\";s:9:\"field_052\";}}}i:5;a:7:{s:4:\"type\";s:8:\"checkbox\";s:3:\"col\";s:1:\"6\";s:4:\"name\";s:8:\"field_06\";s:5:\"title\";s:11:\"Checkbox 06\";s:6:\"client\";s:0:\"\";s:6:\"server\";s:0:\"\";s:3:\"biz\";s:1:\"0\";}i:6;a:8:{s:4:\"type\";s:8:\"dropdown\";s:3:\"col\";s:1:\"6\";s:4:\"name\";s:8:\"field_08\";s:5:\"title\";s:11:\"Dropdown 08\";s:6:\"client\";s:18:\"validate[required]\";s:6:\"server\";s:8:\"required\";s:3:\"biz\";s:1:\"0\";s:4:\"data\";a:2:{i:0;a:2:{s:7:\"display\";s:4:\"F081\";s:5:\"value\";s:4:\"f081\";}i:1;a:2:{s:7:\"display\";s:4:\"F082\";s:5:\"value\";s:4:\"f082\";}}}i:7;a:8:{s:4:\"type\";s:13:\"multidropdown\";s:3:\"col\";s:1:\"6\";s:4:\"name\";s:8:\"field_07\";s:5:\"title\";s:17:\"Multi Dropdown 07\";s:6:\"client\";s:18:\"validate[required]\";s:6:\"server\";s:8:\"required\";s:3:\"biz\";s:1:\"0\";s:4:\"data\";a:2:{i:0;a:2:{s:7:\"display\";s:4:\"F071\";s:5:\"value\";s:4:\"f071\";}i:1;a:2:{s:7:\"display\";s:4:\"F072\";s:5:\"value\";s:4:\"f072\";}}}i:8;a:7:{s:4:\"type\";s:4:\"list\";s:3:\"col\";s:2:\"12\";s:3:\"biz\";s:1:\"1\";s:4:\"name\";s:8:\"field_10\";s:5:\"title\";s:7:\"List 10\";s:6:\"server\";s:0:\"\";s:3:\"sid\";s:1:\"6\";}i:9;a:7:{s:4:\"type\";s:4:\"grid\";s:3:\"col\";s:2:\"12\";s:3:\"biz\";s:1:\"1\";s:4:\"name\";s:4:\"0002\";s:5:\"title\";s:7:\"Grid 09\";s:6:\"server\";s:0:\"\";s:3:\"sid\";s:1:\"6\";}}s:6:\"unique\";s:5:\"false\";}', '2017-05-10 13:24:12', '2017-05-15 15:21:42', null, '0', '-1', null);
INSERT INTO `tbl_module` VALUES ('8', 'Slider', 'slider', 'a:12:{s:4:\"site\";s:23:\"Creative Designs Studio\";s:4:\"size\";s:3:\"320\";s:7:\"storage\";s:8:\"tbl_data\";s:3:\"add\";s:4:\"true\";s:4:\"edit\";s:4:\"true\";s:6:\"delete\";s:4:\"true\";s:9:\"showthumb\";s:4:\"true\";s:4:\"type\";s:6:\"slider\";s:8:\"catetype\";s:0:\"\";s:10:\"cateviewer\";s:4:\"list\";s:7:\"columns\";a:3:{i:0;a:7:{s:4:\"type\";s:6:\"string\";s:3:\"col\";s:2:\"12\";s:4:\"name\";s:8:\"subtitle\";s:5:\"title\";s:9:\"Sub Title\";s:6:\"client\";s:18:\"validate[required]\";s:6:\"server\";s:13:\"trim|required\";s:3:\"biz\";s:1:\"0\";}i:1;a:7:{s:4:\"type\";s:5:\"image\";s:3:\"col\";s:2:\"12\";s:4:\"name\";s:5:\"image\";s:5:\"title\";s:5:\"Image\";s:6:\"client\";s:18:\"validate[required]\";s:6:\"server\";s:13:\"trim|required\";s:3:\"biz\";s:1:\"0\";}i:2;a:7:{s:4:\"type\";s:6:\"string\";s:3:\"col\";s:2:\"12\";s:4:\"name\";s:3:\"url\";s:5:\"title\";s:3:\"Url\";s:6:\"client\";s:0:\"\";s:6:\"server\";s:0:\"\";s:3:\"biz\";s:1:\"0\";}}s:6:\"unique\";s:5:\"false\";}', '2017-05-15 21:49:16', '2017-05-16 09:38:21', null, '0', '-1', '1');
INSERT INTO `tbl_module` VALUES ('9', 'Service Category', 'service-category', 'a:12:{s:4:\"site\";s:23:\"Creative Designs Studio\";s:4:\"size\";s:3:\"320\";s:7:\"storage\";s:8:\"tbl_data\";s:3:\"add\";s:4:\"true\";s:4:\"edit\";s:4:\"true\";s:6:\"delete\";s:4:\"true\";s:6:\"unique\";s:4:\"true\";s:4:\"type\";s:8:\"services\";s:8:\"catetype\";s:8:\"services\";s:10:\"cateviewer\";s:4:\"list\";s:7:\"columns\";a:4:{i:0;a:7:{s:4:\"type\";s:6:\"string\";s:3:\"col\";s:2:\"12\";s:4:\"name\";s:8:\"subtitle\";s:5:\"title\";s:9:\"Sub Title\";s:6:\"client\";s:0:\"\";s:6:\"server\";s:0:\"\";s:3:\"biz\";s:1:\"0\";}i:1;a:7:{s:4:\"type\";s:4:\"text\";s:3:\"col\";s:2:\"12\";s:4:\"name\";s:4:\"desc\";s:5:\"title\";s:4:\"Desc\";s:6:\"client\";s:0:\"\";s:6:\"server\";s:0:\"\";s:3:\"biz\";s:1:\"0\";}i:2;a:7:{s:4:\"type\";s:5:\"image\";s:3:\"col\";s:2:\"12\";s:4:\"name\";s:5:\"cover\";s:5:\"title\";s:11:\"Cover Image\";s:6:\"client\";s:0:\"\";s:6:\"server\";s:0:\"\";s:3:\"biz\";s:1:\"0\";}i:3;a:7:{s:4:\"type\";s:4:\"text\";s:3:\"col\";s:2:\"12\";s:4:\"name\";s:5:\"links\";s:5:\"title\";s:9:\"List Link\";s:6:\"client\";s:0:\"\";s:6:\"server\";s:0:\"\";s:3:\"biz\";s:1:\"0\";}}s:9:\"showthumb\";s:5:\"false\";}', '2017-05-15 21:55:21', '2017-05-19 15:33:17', null, '0', '-1', '2');
INSERT INTO `tbl_module` VALUES ('10', 'Event Category', 'event-category', 'a:11:{s:4:\"site\";s:23:\"Creative Designs Studio\";s:4:\"size\";s:3:\"320\";s:7:\"storage\";s:8:\"tbl_data\";s:3:\"add\";s:4:\"true\";s:4:\"edit\";s:4:\"true\";s:6:\"delete\";s:4:\"true\";s:6:\"unique\";s:4:\"true\";s:4:\"type\";s:6:\"events\";s:8:\"catetype\";s:6:\"events\";s:10:\"cateviewer\";s:4:\"list\";s:9:\"showthumb\";s:5:\"false\";}', '2017-05-16 14:54:41', '2017-05-16 14:55:09', null, '0', '-1', '3');
INSERT INTO `tbl_module` VALUES ('11', 'Project Category', 'project-category', 'a:11:{s:4:\"site\";s:23:\"Creative Designs Studio\";s:4:\"size\";s:3:\"320\";s:7:\"storage\";s:8:\"tbl_data\";s:3:\"add\";s:4:\"true\";s:4:\"edit\";s:4:\"true\";s:6:\"delete\";s:4:\"true\";s:6:\"unique\";s:4:\"true\";s:4:\"type\";s:8:\"projects\";s:8:\"catetype\";s:8:\"projects\";s:10:\"cateviewer\";s:4:\"list\";s:9:\"showthumb\";s:5:\"false\";}', '2017-05-16 14:55:18', '2017-05-16 14:55:43', null, '0', '-1', '4');
INSERT INTO `tbl_module` VALUES ('12', 'About', 'about', 'a:12:{s:4:\"site\";s:23:\"Creative Designs Studio\";s:4:\"size\";s:0:\"\";s:7:\"storage\";s:8:\"tbl_data\";s:3:\"add\";s:4:\"true\";s:4:\"edit\";s:4:\"true\";s:6:\"delete\";s:4:\"true\";s:4:\"type\";s:8:\"about-us\";s:8:\"catetype\";s:0:\"\";s:10:\"cateviewer\";s:4:\"list\";s:7:\"columns\";a:2:{i:0;a:7:{s:4:\"type\";s:6:\"string\";s:3:\"col\";s:2:\"12\";s:4:\"name\";s:6:\"slogan\";s:5:\"title\";s:6:\"Slogan\";s:6:\"client\";s:0:\"\";s:6:\"server\";s:0:\"\";s:3:\"biz\";s:1:\"0\";}i:1;a:7:{s:4:\"type\";s:4:\"list\";s:3:\"col\";s:2:\"12\";s:3:\"biz\";s:1:\"1\";s:4:\"name\";s:4:\"boxs\";s:5:\"title\";s:4:\"Boxs\";s:6:\"server\";s:0:\"\";s:3:\"sid\";s:2:\"13\";}}s:6:\"unique\";s:5:\"false\";s:9:\"showthumb\";s:5:\"false\";}', '2017-05-17 22:48:20', '2017-05-17 23:08:05', null, '0', '-1', '5');
INSERT INTO `tbl_module` VALUES ('13', 'About Boxs', 'about-boxs', 'a:12:{s:4:\"site\";s:23:\"Creative Designs Studio\";s:4:\"size\";s:3:\"480\";s:7:\"storage\";s:8:\"tbl_data\";s:3:\"add\";s:4:\"true\";s:4:\"edit\";s:4:\"true\";s:6:\"delete\";s:4:\"true\";s:9:\"showthumb\";s:4:\"true\";s:4:\"type\";s:9:\"about-box\";s:8:\"catetype\";s:0:\"\";s:10:\"cateviewer\";s:4:\"list\";s:7:\"columns\";a:2:{i:0;a:7:{s:4:\"type\";s:5:\"image\";s:3:\"col\";s:2:\"12\";s:4:\"name\";s:5:\"image\";s:5:\"title\";s:5:\"Image\";s:6:\"client\";s:18:\"validate[required]\";s:6:\"server\";s:13:\"trim|required\";s:3:\"biz\";s:1:\"0\";}i:1;a:7:{s:4:\"type\";s:4:\"text\";s:3:\"col\";s:2:\"12\";s:3:\"biz\";s:1:\"1\";s:4:\"name\";s:4:\"desc\";s:5:\"title\";s:4:\"Desc\";s:6:\"client\";s:18:\"validate[required]\";s:6:\"server\";s:13:\"trim|required\";}}s:6:\"unique\";s:5:\"false\";}', '2017-05-17 22:50:58', '2017-05-17 23:07:34', null, '0', '-1', '6');
INSERT INTO `tbl_module` VALUES ('14', 'Staff', 'staff', 'a:12:{s:4:\"site\";s:23:\"Creative Designs Studio\";s:4:\"size\";s:0:\"\";s:7:\"storage\";s:8:\"tbl_data\";s:3:\"add\";s:4:\"true\";s:4:\"edit\";s:4:\"true\";s:6:\"delete\";s:4:\"true\";s:4:\"type\";s:5:\"staff\";s:8:\"catetype\";s:0:\"\";s:10:\"cateviewer\";s:4:\"list\";s:7:\"columns\";a:7:{i:0;a:7:{s:4:\"type\";s:5:\"image\";s:3:\"col\";s:2:\"12\";s:4:\"name\";s:5:\"image\";s:5:\"title\";s:5:\"Image\";s:6:\"client\";s:0:\"\";s:6:\"server\";s:0:\"\";s:3:\"biz\";s:1:\"0\";}i:1;a:7:{s:4:\"type\";s:5:\"image\";s:3:\"col\";s:2:\"12\";s:4:\"name\";s:5:\"cover\";s:5:\"title\";s:11:\"Cover Image\";s:6:\"client\";s:0:\"\";s:6:\"server\";s:0:\"\";s:3:\"biz\";s:1:\"0\";}i:2;a:7:{s:4:\"type\";s:6:\"string\";s:3:\"col\";s:2:\"12\";s:4:\"name\";s:8:\"position\";s:5:\"title\";s:8:\"Position\";s:6:\"client\";s:0:\"\";s:6:\"server\";s:0:\"\";s:3:\"biz\";s:1:\"0\";}i:3;a:7:{s:4:\"type\";s:6:\"string\";s:3:\"col\";s:2:\"12\";s:4:\"name\";s:2:\"fb\";s:5:\"title\";s:8:\"Facebook\";s:6:\"client\";s:0:\"\";s:6:\"server\";s:0:\"\";s:3:\"biz\";s:1:\"0\";}i:4;a:7:{s:4:\"type\";s:6:\"string\";s:3:\"col\";s:2:\"12\";s:4:\"name\";s:2:\"tw\";s:5:\"title\";s:7:\"Twitter\";s:6:\"client\";s:0:\"\";s:6:\"server\";s:0:\"\";s:3:\"biz\";s:1:\"0\";}i:5;a:7:{s:4:\"type\";s:6:\"string\";s:3:\"col\";s:2:\"12\";s:4:\"name\";s:2:\"gg\";s:5:\"title\";s:6:\"Google\";s:6:\"client\";s:0:\"\";s:6:\"server\";s:0:\"\";s:3:\"biz\";s:1:\"0\";}i:6;a:7:{s:4:\"type\";s:4:\"list\";s:3:\"col\";s:2:\"12\";s:4:\"name\";s:6:\"skills\";s:5:\"title\";s:6:\"Skills\";s:6:\"server\";s:0:\"\";s:3:\"sid\";s:2:\"15\";s:3:\"biz\";s:1:\"0\";}}s:6:\"unique\";s:5:\"false\";s:9:\"showthumb\";s:5:\"false\";}', '2017-05-18 16:35:44', '2017-05-18 16:37:49', null, '0', '-1', '7');
INSERT INTO `tbl_module` VALUES ('15', 'Skill', 'skill', 'a:12:{s:4:\"site\";s:23:\"Creative Designs Studio\";s:4:\"size\";s:3:\"240\";s:7:\"storage\";s:8:\"tbl_data\";s:3:\"add\";s:4:\"true\";s:4:\"edit\";s:4:\"true\";s:6:\"delete\";s:4:\"true\";s:4:\"type\";s:5:\"skill\";s:8:\"catetype\";s:0:\"\";s:10:\"cateviewer\";s:4:\"list\";s:7:\"columns\";a:1:{i:0;a:7:{s:4:\"type\";s:6:\"string\";s:3:\"col\";s:2:\"12\";s:4:\"name\";s:7:\"process\";s:5:\"title\";s:13:\"Process Level\";s:6:\"client\";s:0:\"\";s:6:\"server\";s:0:\"\";s:3:\"biz\";s:1:\"0\";}}s:6:\"unique\";s:5:\"false\";s:9:\"showthumb\";s:5:\"false\";}', '2017-05-18 16:36:49', null, null, '0', '-1', '8');
INSERT INTO `tbl_module` VALUES ('16', 'Services', 'services', 'a:12:{s:4:\"site\";s:23:\"Creative Designs Studio\";s:4:\"size\";s:3:\"480\";s:7:\"storage\";s:8:\"tbl_data\";s:3:\"add\";s:4:\"true\";s:4:\"edit\";s:4:\"true\";s:6:\"delete\";s:4:\"true\";s:9:\"showthumb\";s:4:\"true\";s:4:\"type\";s:8:\"services\";s:8:\"catetype\";s:8:\"services\";s:10:\"cateviewer\";s:4:\"list\";s:7:\"columns\";a:2:{i:0;a:7:{s:4:\"type\";s:5:\"image\";s:3:\"col\";s:2:\"12\";s:4:\"name\";s:5:\"image\";s:5:\"title\";s:5:\"Image\";s:6:\"client\";s:18:\"validate[required]\";s:6:\"server\";s:13:\"trim|required\";s:3:\"biz\";s:1:\"0\";}i:1;a:7:{s:4:\"type\";s:4:\"text\";s:3:\"col\";s:2:\"12\";s:4:\"name\";s:4:\"desc\";s:5:\"title\";s:4:\"Desc\";s:6:\"client\";s:18:\"validate[required]\";s:6:\"server\";s:13:\"trim|required\";s:3:\"biz\";s:1:\"0\";}}s:6:\"unique\";s:5:\"false\";}', '2017-05-19 21:57:35', '2017-05-19 22:46:39', null, '0', '-1', '9');
INSERT INTO `tbl_module` VALUES ('17', 'Events', 'events', 'a:12:{s:4:\"site\";s:23:\"Creative Designs Studio\";s:4:\"size\";s:0:\"\";s:7:\"storage\";s:8:\"tbl_data\";s:3:\"add\";s:4:\"true\";s:4:\"edit\";s:4:\"true\";s:6:\"delete\";s:4:\"true\";s:9:\"showthumb\";s:4:\"true\";s:4:\"type\";s:6:\"events\";s:8:\"catetype\";s:6:\"events\";s:10:\"cateviewer\";s:4:\"list\";s:7:\"columns\";a:3:{i:0;a:7:{s:4:\"type\";s:5:\"image\";s:3:\"col\";s:2:\"12\";s:4:\"name\";s:5:\"image\";s:5:\"title\";s:5:\"Image\";s:6:\"client\";s:18:\"validate[required]\";s:6:\"server\";s:13:\"trim|required\";s:3:\"biz\";s:1:\"0\";}i:1;a:7:{s:4:\"type\";s:4:\"text\";s:3:\"col\";s:2:\"12\";s:4:\"name\";s:4:\"desc\";s:5:\"title\";s:4:\"Desc\";s:6:\"client\";s:18:\"validate[required]\";s:6:\"server\";s:13:\"trim|required\";s:3:\"biz\";s:1:\"0\";}i:2;a:7:{s:4:\"type\";s:4:\"html\";s:3:\"col\";s:2:\"12\";s:3:\"biz\";s:1:\"1\";s:4:\"name\";s:7:\"content\";s:5:\"title\";s:7:\"Content\";s:6:\"client\";s:0:\"\";s:6:\"server\";s:0:\"\";}}s:6:\"unique\";s:5:\"false\";}', '2017-05-19 22:33:41', '2017-05-19 23:24:24', null, '0', '-1', '10');
INSERT INTO `tbl_module` VALUES ('19', 'Projects', 'projects', 'a:12:{s:4:\"site\";s:23:\"Creative Designs Studio\";s:4:\"size\";s:0:\"\";s:7:\"storage\";s:8:\"tbl_data\";s:3:\"add\";s:4:\"true\";s:4:\"edit\";s:4:\"true\";s:6:\"delete\";s:4:\"true\";s:9:\"showthumb\";s:4:\"true\";s:4:\"type\";s:8:\"projects\";s:8:\"catetype\";s:8:\"services\";s:10:\"cateviewer\";s:4:\"list\";s:7:\"columns\";a:5:{i:0;a:8:{s:4:\"type\";s:8:\"dropdown\";s:3:\"col\";s:1:\"6\";s:4:\"name\";s:7:\"display\";s:5:\"title\";s:12:\"Display Type\";s:6:\"client\";s:0:\"\";s:6:\"server\";s:0:\"\";s:3:\"biz\";s:1:\"0\";s:4:\"data\";a:4:{i:0;a:2:{s:7:\"display\";s:13:\"Small Square \";s:5:\"value\";s:2:\"11\";}i:1;a:2:{s:7:\"display\";s:10:\"Big Square\";s:5:\"value\";s:2:\"22\";}i:2;a:2:{s:7:\"display\";s:15:\"Horizontal Rect\";s:5:\"value\";s:2:\"12\";}i:3;a:2:{s:7:\"display\";s:13:\"Vertical Rect\";s:5:\"value\";s:2:\"21\";}}}i:1;a:7:{s:4:\"type\";s:5:\"image\";s:3:\"col\";s:1:\"6\";s:4:\"name\";s:5:\"thumb\";s:5:\"title\";s:5:\"Thumb\";s:6:\"client\";s:0:\"\";s:6:\"server\";s:0:\"\";s:3:\"biz\";s:1:\"0\";}i:2;a:7:{s:4:\"type\";s:5:\"image\";s:3:\"col\";s:1:\"6\";s:4:\"name\";s:5:\"image\";s:5:\"title\";s:5:\"Image\";s:6:\"client\";s:18:\"validate[required]\";s:6:\"server\";s:13:\"trim|required\";s:3:\"biz\";s:1:\"0\";}i:3;a:7:{s:4:\"type\";s:4:\"text\";s:3:\"col\";s:2:\"12\";s:4:\"name\";s:4:\"desc\";s:5:\"title\";s:4:\"Desc\";s:6:\"client\";s:18:\"validate[required]\";s:6:\"server\";s:13:\"trim|required\";s:3:\"biz\";s:1:\"0\";}i:4;a:7:{s:4:\"type\";s:4:\"html\";s:3:\"col\";s:2:\"12\";s:3:\"biz\";s:1:\"1\";s:4:\"name\";s:7:\"content\";s:5:\"title\";s:7:\"Content\";s:6:\"client\";s:0:\"\";s:6:\"server\";s:0:\"\";}}s:6:\"unique\";s:5:\"false\";}', '2017-05-20 09:58:06', '2017-05-20 10:56:46', null, '0', '-1', '11');
INSERT INTO `tbl_module` VALUES ('20', 'News - Blogs', 'news-blogs', 'a:12:{s:4:\"site\";s:23:\"Creative Designs Studio\";s:4:\"size\";s:0:\"\";s:7:\"storage\";s:8:\"tbl_data\";s:3:\"add\";s:4:\"true\";s:4:\"edit\";s:4:\"true\";s:6:\"delete\";s:4:\"true\";s:9:\"showthumb\";s:4:\"true\";s:4:\"type\";s:10:\"news-blogs\";s:8:\"catetype\";s:8:\"services\";s:10:\"cateviewer\";s:4:\"list\";s:7:\"columns\";a:5:{i:0;a:7:{s:4:\"type\";s:5:\"image\";s:3:\"col\";s:2:\"12\";s:4:\"name\";s:5:\"image\";s:5:\"title\";s:5:\"Image\";s:6:\"client\";s:18:\"validate[required]\";s:6:\"server\";s:13:\"trim|required\";s:3:\"biz\";s:1:\"0\";}i:1;a:7:{s:4:\"type\";s:5:\"image\";s:3:\"col\";s:2:\"12\";s:4:\"name\";s:5:\"cover\";s:5:\"title\";s:5:\"Cover\";s:6:\"client\";s:0:\"\";s:6:\"server\";s:0:\"\";s:3:\"biz\";s:1:\"0\";}i:2;a:7:{s:4:\"type\";s:4:\"text\";s:3:\"col\";s:2:\"12\";s:4:\"name\";s:4:\"desc\";s:5:\"title\";s:4:\"Desc\";s:6:\"client\";s:18:\"validate[required]\";s:6:\"server\";s:13:\"trim|required\";s:3:\"biz\";s:1:\"0\";}i:3;a:7:{s:4:\"type\";s:4:\"html\";s:3:\"col\";s:2:\"12\";s:3:\"biz\";s:1:\"1\";s:4:\"name\";s:7:\"content\";s:5:\"title\";s:7:\"Content\";s:6:\"client\";s:0:\"\";s:6:\"server\";s:0:\"\";}i:4;a:7:{s:4:\"type\";s:6:\"string\";s:3:\"col\";s:2:\"12\";s:4:\"name\";s:3:\"tag\";s:5:\"title\";s:3:\"Tag\";s:6:\"client\";s:22:\"validate[maxSize[100]]\";s:6:\"server\";s:0:\"\";s:3:\"biz\";s:1:\"0\";}}s:6:\"unique\";s:5:\"false\";}', '2017-05-20 22:58:26', '2017-05-21 19:56:32', null, '0', '-1', '12');
INSERT INTO `tbl_module` VALUES ('21', 'Recruitment', 'recruitment', 'a:12:{s:4:\"site\";s:23:\"Creative Designs Studio\";s:4:\"size\";s:0:\"\";s:7:\"storage\";s:8:\"tbl_data\";s:3:\"add\";s:4:\"true\";s:4:\"edit\";s:4:\"true\";s:6:\"delete\";s:4:\"true\";s:4:\"type\";s:11:\"recruitment\";s:8:\"catetype\";s:0:\"\";s:10:\"cateviewer\";s:4:\"list\";s:7:\"columns\";a:1:{i:0;a:7:{s:4:\"type\";s:4:\"html\";s:3:\"col\";s:2:\"12\";s:3:\"biz\";s:1:\"1\";s:4:\"name\";s:7:\"content\";s:5:\"title\";s:7:\"Content\";s:6:\"client\";s:0:\"\";s:6:\"server\";s:0:\"\";}}s:6:\"unique\";s:5:\"false\";s:9:\"showthumb\";s:5:\"false\";}', '2017-05-22 14:13:48', '2017-05-22 14:15:48', null, '0', '-1', '13');
INSERT INTO `tbl_module` VALUES ('22', 'Website Setting', 'website-setting', 'a:11:{s:4:\"site\";s:23:\"Creative Designs Studio\";s:4:\"size\";s:3:\"320\";s:7:\"storage\";s:8:\"tbl_data\";s:3:\"add\";s:4:\"true\";s:4:\"edit\";s:4:\"true\";s:6:\"delete\";s:4:\"true\";s:6:\"unique\";s:4:\"true\";s:4:\"type\";s:8:\"creative\";s:8:\"catetype\";s:8:\"creative\";s:10:\"cateviewer\";s:4:\"list\";s:9:\"showthumb\";s:5:\"false\";}', '2017-05-24 14:09:28', '2017-05-24 14:09:54', null, '0', '-1', '14');

-- ----------------------------
-- Table structure for tbl_setting
-- ----------------------------
DROP TABLE IF EXISTS `tbl_setting`;
CREATE TABLE `tbl_setting` (
  `id` int(11) NOT NULL AUTO_INCREMENT,
  `title` varchar(255) DEFAULT NULL,
  `alias` varchar(255) DEFAULT NULL,
  `data` text,
  `created` datetime DEFAULT NULL,
  `modified` datetime DEFAULT NULL,
  `type` varchar(255) DEFAULT NULL,
  `status` int(1) DEFAULT '0',
  `category` int(11) DEFAULT '-1',
  `pid` int(11) DEFAULT '-1',
  `key` varchar(32) DEFAULT NULL,
  `sorting` int(11) DEFAULT '1',
  `author` varchar(50) DEFAULT NULL,
  PRIMARY KEY (`id`)
) ENGINE=MyISAM AUTO_INCREMENT=3 DEFAULT CHARSET=utf8;

-- ----------------------------
-- Records of tbl_setting
-- ----------------------------
INSERT INTO `tbl_setting` VALUES ('2', 'ádasdasd', 'adasdasd', 'N;', '2017-05-24 15:18:49', '2017-05-24 15:34:25', 'creative', '0', '-1', '-1', null, '1', null);
